{
    "name": "root",
    "metadata": {
        "timer_format_version": "0.1.0",
        "start_time_seconds": "1622887424",
        "python_version": "3.8.6 (tags/v3.8.6:db45529, Sep 23 2020, 15:52:53) [MSC v.1927 64 bit (AMD64)]",
        "command_line_arguments": "D:\\ProgettoTesi\\Tesi\\venv\\Scripts\\mlagents-learn config/AttackBehavior.yaml --run-id=Test28",
        "mlagents_version": "0.25.0",
        "mlagents_envs_version": "0.25.0",
        "communication_protocol_version": "1.5.0",
        "pytorch_version": "1.7.1+cu110",
        "numpy_version": "1.20.2",
        "end_time_seconds": "1622887445"
    },
    "total": 21.0160948,
    "count": 1,
    "self": 0.008107200000001313,
    "children": {
        "run_training.setup": {
            "total": 0.10056319999999985,
            "count": 1,
            "self": 0.10056319999999985
        },
        "TrainerController.start_learning": {
            "total": 20.9074244,
            "count": 1,
            "self": 0.014178699999998656,
            "children": {
                "TrainerController._reset_env": {
                    "total": 6.8703406000000005,
                    "count": 1,
                    "self": 6.8703406000000005
                },
                "TrainerController.advance": {
                    "total": 13.928920299999998,
                    "count": 229,
                    "self": 0.0023405000000096265,
                    "children": {
                        "env_step": {
                            "total": 13.926579799999988,
                            "count": 229,
                            "self": 13.15650510000001,
                            "children": {
                                "SubprocessEnvManager._take_step": {
                                    "total": 0.7678902999999924,
                                    "count": 229,
                                    "self": 0.009891800000008999,
                                    "children": {
                                        "TorchPolicy.evaluate": {
                                            "total": 0.7579984999999834,
                                            "count": 222,
                                            "self": 0.18365439999999467,
                                            "children": {
                                                "TorchPolicy.sample_actions": {
                                                    "total": 0.5743440999999887,
                                                    "count": 222,
                                                    "self": 0.5743440999999887
                                                }
                                            }
                                        }
                                    }
                                },
                                "workers": {
                                    "total": 0.0021843999999866526,
                                    "count": 228,
                                    "self": 0.0,
                                    "children": {
                                        "worker_root": {
                                            "total": 15.224251999999977,
                                            "count": 228,
                                            "is_parallel": true,
                                            "self": 2.301392399999946,
                                            "children": {
                                                "steps_from_proto": {
                                                    "total": 0.00033029999999989457,
                                                    "count": 1,
                                                    "is_parallel": true,
                                                    "self": 0.00018560000000000798,
                                                    "children": {
                                                        "_process_rank_one_or_two_observation": {
                                                            "total": 0.00014469999999988659,
                                                            "count": 2,
                                                            "is_parallel": true,
                                                            "self": 0.00014469999999988659
                                                        }
                                                    }
                                                },
                                                "UnityEnvironment.step": {
                                                    "total": 12.922529300000031,
                                                    "count": 228,
                                                    "is_parallel": true,
                                                    "self": 0.013524900000023266,
                                                    "children": {
                                                        "UnityEnvironment._generate_step_input": {
                                                            "total": 0.027875100000009922,
                                                            "count": 228,
                                                            "is_parallel": true,
                                                            "self": 0.027875100000009922
                                                        },
                                                        "communicator.exchange": {
                                                            "total": 12.822169899999993,
                                                            "count": 228,
                                                            "is_parallel": true,
                                                            "self": 12.822169899999993
                                                        },
                                                        "steps_from_proto": {
                                                            "total": 0.058959400000004436,
                                                            "count": 228,
                                                            "is_parallel": true,
                                                            "self": 0.037708099999996136,
                                                            "children": {
                                                                "_process_rank_one_or_two_observation": {
                                                                    "total": 0.0212513000000083,
                                                                    "count": 456,
                                                                    "is_parallel": true,
                                                                    "self": 0.0212513000000083
                                                                }
                                                            }
                                                        }
                                                    }
                                                }
                                            }
                                        }
                                    }
                                }
                            }
                        }
                    }
                },
                "trainer_threads": {
                    "total": 1.6200000001020953e-05,
                    "count": 1,
                    "self": 1.6200000001020953e-05,
                    "children": {
                        "thread_root": {
                            "total": 0.0,
                            "count": 0,
                            "is_parallel": true,
                            "self": 0.0,