{
    "name": "root",
    "metadata": {
        "timer_format_version": "0.1.0",
        "start_time_seconds": "1625580991",
        "python_version": "3.8.6 (tags/v3.8.6:db45529, Sep 23 2020, 15:52:53) [MSC v.1927 64 bit (AMD64)]",
        "command_line_arguments": "D:\\ProgettoTesi\\Tesi\\venv\\Scripts\\mlagents-learn --run-id=TestMov27",
        "mlagents_version": "0.25.0",
        "mlagents_envs_version": "0.25.0",
        "communication_protocol_version": "1.5.0",
        "pytorch_version": "1.7.1+cu110",
        "numpy_version": "1.20.2",
        "end_time_seconds": "1625581077"
    },
    "total": 86.16737610000001,
    "count": 1,
    "self": 0.035086300000003234,
    "children": {
        "run_training.setup": {
            "total": 0.11661639999999984,
            "count": 1,
            "self": 0.11661639999999984
        },
        "TrainerController.start_learning": {
            "total": 86.01567340000001,
            "count": 1,
            "self": 0.07983409999970092,
            "children": {
                "TrainerController._reset_env": {
                    "total": 21.5062214,
                    "count": 1,
                    "self": 21.5062214
                },
                "TrainerController.advance": {
                    "total": 63.3366684000003,
                    "count": 3522,
                    "self": 0.03652630000009793,
                    "children": {
                        "env_step": {
                            "total": 63.3001421000002,
                            "count": 3522,
                            "self": 51.53341859999982,
                            "children": {
                                "SubprocessEnvManager._take_step": {
                                    "total": 11.727945800000086,
                                    "count": 3522,
                                    "self": 0.18153390000023606,
                                    "children": {
                                        "TorchPolicy.evaluate": {
                                            "total": 11.54641189999985,
                                            "count": 3367,
                                            "self": 2.492851399999811,
                                            "children": {
                                                "TorchPolicy.sample_actions": {
                                                    "total": 9.053560500000039,
                                                    "count": 3367,
                                                    "self": 9.053560500000039
                                                }
                                            }
                                        }
                                    }
                                },
                                "workers": {
                                    "total": 0.03877770000029557,
                                    "count": 3521,
                                    "self": 0.0,
                                    "children": {
                                        "worker_root": {
                                            "total": 77.38991020000014,
                                            "count": 3521,
                                            "is_parallel": true,
                                            "self": 30.105579899999846,
                                            "children": {
                                                "steps_from_proto": {
                                                    "total": 0.019084199999999996,
                                                    "count": 1,
                                                    "is_parallel": true,
                                                    "self": 0.0001860000000011297,
                                                    "children": {
                                                        "_process_rank_one_or_two_observation": {
                                                            "total": 0.018898199999998866,
                                                            "count": 2,
                                                            "is_parallel": true,
                                                            "self": 0.018898199999998866
                                                        }
                                                    }
                                                },
                                                "UnityEnvironment.step": {
                                                    "total": 47.2652461000003,
                                                    "count": 3521,
                                                    "is_parallel": true,
                                                    "self": 0.22601690000065844,
                                                    "children": {
                                                        "UnityEnvironment._generate_step_input": {
                                                            "total": 1.2187927000002894,
                                                            "count": 3521,
                                                            "is_parallel": true,
                                                            "self": 1.2187927000002894
                                                        },
                                                        "communicator.exchange": {
                                                            "total": 45.067125999999696,
                                                            "count": 3521,
                                                            "is_parallel": true,
                                                            "self": 45.067125999999696
                                                        },
                                                        "steps_from_proto": {
                                                            "total": 0.7533104999996567,
                                                            "count": 3521,
                                                            "is_parallel": true,
                                                            "self": 0.36774639999930514,
                                                            "children": {
                                                                "_process_rank_one_or_two_observation": {
                                                                    "total": 0.3855641000003516,
                                                                    "count": 7042,
                                                                    "is_parallel": true,
                                                                    "self": 0.3855641000003516
                                                                }
                                                            }
                                                        }
                                                    }
                                                }
                                            }
                                        }
                                    }
                                }
                            }
                        }
                    }
                },
                "trainer_threads": {
                    "total": 1.790000000312375e-05,
                    "count": 1,
                    "self": 1.790000000312375e-05,
                    "children": {
                        "thread_root": {
                            "total": 0.0,
                            "count": 0,
                            "is_parallel": true,
                            "self": 0.0,
                            "children": {
                                "trainer_advance": {
                                    "total": 63.35063840000026,