{"cameraMode":{"drawMode":0,"name":"Shaded","section":"Shading Mode"},"sceneLighting":false,"audioPlay":false,"sceneViewState":{"m_AlwaysRefresh":false,"showFog":true,"showSkybox":false,"showFlares":true,"showImageEffects":true,"showParticleSystems":true,"showVisualEffectGraphs":true,"m_FxEnabled":true},"in2DMode":false,"pivot":{"x":1.1871520280838013,"y":-0.13204553723335267,"z":1.9657649993896485},"rotation":{"x":0.16921794414520265,"y":-0.08839661628007889,"z":0.015208208002150059,"w":0.981606662273407},"size":2.133974552154541,"orthographic":false}