{"cameraMode":{"drawMode":0,"name":"Shaded","section":"Shading Mode"},"sceneLighting":false,"audioPlay":false,"sceneViewState":{"m_AlwaysRefresh":false,"showFog":true,"showSkybox":false,"showFlares":true,"showImageEffects":true,"showParticleSystems":true,"showVisualEffectGraphs":true,"m_FxEnabled":true},"in2DMode":false,"pivot":{"x":-0.7331126928329468,"y":4.352026462554932,"z":1.2164032459259034},"rotation":{"x":0.09255199879407883,"y":-0.01762489043176174,"z":0.0016333950916305185,"w":0.995559573173523},"size":5.932837009429932,"orthographic":false}