{"cameraMode":{"drawMode":0,"name":"Shaded","section":"Shading Mode"},"sceneLighting":false,"audioPlay":false,"sceneViewState":{"m_AlwaysRefresh":false,"showFog":true,"showSkybox":false,"showFlares":true,"showImageEffects":true,"showParticleSystems":true,"showVisualEffectGraphs":true,"m_FxEnabled":true},"in2DMode":false,"pivot":{"x":-0.7331126928329468,"y":4.352026462554932,"z":1.2164032459259034},"rotation":{"x":0.024524929001927377,"y":0.5634068846702576,"z":-0.01674102060496807,"w":0.8256556987762451},"size":3.8328359127044679,"orthographic":false}