{
    "name": "root",
    "metadata": {
        "timer_format_version": "0.1.0",
        "start_time_seconds": "1624959937",
        "python_version": "3.8.6 (tags/v3.8.6:db45529, Sep 23 2020, 15:52:53) [MSC v.1927 64 bit (AMD64)]",
        "command_line_arguments": "D:\\ProgettoTesi\\Tesi\\venv\\Scripts\\mlagents-learn --run-id=TestMov25",
        "mlagents_version": "0.25.0",
        "mlagents_envs_version": "0.25.0",
        "communication_protocol_version": "1.5.0",
        "pytorch_version": "1.7.1+cu110",
        "numpy_version": "1.20.2",
        "end_time_seconds": "1624961877"
    },
    "total": 1939.8898311,
    "count": 1,
    "self": 0.003623199999992721,
    "children": {
        "run_training.setup": {
            "total": 0.03196920000000003,
            "count": 1,
            "self": 0.03196920000000003
        },
        "TrainerController.start_learning": {
            "total": 1939.8542387,
            "count": 1,
            "self": 0.12421559999415877,
            "children": {
                "TrainerController._reset_env": {
                    "total": 10.948717299999998,
                    "count": 1,
                    "self": 10.948717299999998
                },
                "TrainerController.advance": {
                    "total": 1928.6999153000058,
                    "count": 5317,
                    "self": 0.052807300000040414,
                    "children": {
                        "env_step": {
                            "total": 1928.6471080000058,
                            "count": 5317,
                            "self": 1921.0523900999976,
                            "children": {
                                "SubprocessEnvManager._take_step": {
                                    "total": 7.536899500002821,
                                    "count": 5317,
                                    "self": 0.2527514000021487,
                                    "children": {
                                        "TorchPolicy.evaluate": {
                                            "total": 7.284148100000673,
                                            "count": 4697,
                                            "self": 3.053833699991669,
                                            "children": {
                                                "TorchPolicy.sample_actions": {
                                                    "total": 4.230314400009004,
                                                    "count": 4697,
                                                    "self": 4.230314400009004
                                                }
                                            }
                                        }
                                    }
                                },
                                "workers": {
                                    "total": 0.05781840000528504,
                                    "count": 5316,
                                    "self": 0.0,
                                    "children": {
                                        "worker_root": {
                                            "total": 1930.0511085999938,
                                            "count": 5316,
                                            "is_parallel": true,
                                            "self": 13.619997099985994,
                                            "children": {
                                                "steps_from_proto": {
                                                    "total": 0.00025549999999974204,
                                                    "count": 1,
                                                    "is_parallel": true,
                                                    "self": 0.00011519999999975994,
                                                    "children": {
                                                        "_process_rank_one_or_two_observation": {
                                                            "total": 0.0001402999999999821,
                                                            "count": 2,
                                                            "is_parallel": true,
                                                            "self": 0.0001402999999999821
                                                        }
                                                    }
                                                },
                                                "UnityEnvironment.step": {
                                                    "total": 1916.4308560000077,
                                                    "count": 5316,
                                                    "is_parallel": true,
                                                    "self": 0.31421000000887034,
                                                    "children": {
                                                        "UnityEnvironment._generate_step_input": {
                                                            "total": 0.613920200001326,
                                                            "count": 5316,
                                                            "is_parallel": true,
                                                            "self": 0.613920200001326
                                                        },
                                                        "communicator.exchange": {
                                                            "total": 1914.4774025000004,
                                                            "count": 5316,
                                                            "is_parallel": true,
                                                            "self": 1914.4774025000004
                                                        },
                                                        "steps_from_proto": {
                                                            "total": 1.025323299997222,
                                                            "count": 5316,
                                                            "is_parallel": true,
                                                            "self": 0.5518534000051787,
                                                            "children": {
                                                                "_process_rank_one_or_two_observation": {
                                                                    "total": 0.47346989999204325,
                                                                    "count": 10632,
                                                                    "is_parallel": true,
                                                                    "self": 0.47346989999204325
                                                                }
                                                            }
                                                        }
                                                    }
                                                }
                                            }
                                        }
                                    }
                                }
                            }
                        }
                    }
                },
                "trainer_threads": {
                    "total": 1.8500000123822247e-05,
                    "count": 1,
                    "self": 1.8500000123822247e-05,
                    "children": {
                        "thread_root": {
                            "total": 0.0,
                            "count": 0,
                            "is_parallel": true,
                            "self": 0.0,
                            "children": {
                                "trainer_advance": {
                                    "total": 1926.3288757999835,