{
    "name": "root",
    "gauges": {
        "MovingBrain.Policy.Entropy.mean": {
            "value": 1.3735569715499878,
            "min": 1.3735569715499878,
            "max": 1.4189382791519165,
            "count": 37
        },
        "MovingBrain.Policy.Entropy.sum": {
            "value": 14153.130859375,
            "min": 13661.361328125,
            "max": 14518.576171875,
            "count": 37
        },
        "MovingBrain.Policy.ExtrinsicValueEstimate.mean": {
            "value": 0.4282984137535095,
            "min": -1.2662124633789062,
            "max": 0.4282984137535095,
            "count": 37
        },
        "MovingBrain.Policy.ExtrinsicValueEstimate.sum": {
            "value": 86.08798217773438,
            "min": -201.32777404785156,
            "max": 86.08798217773438,
            "count": 37
        },
        "MovingBrain.Environment.EpisodeLength.mean": {
            "value": 96.49514563106796,
            "min": 96.49514563106796,
            "max": 742.5625,
            "count": 37
        },
        "MovingBrain.Environment.EpisodeLength.sum": {
            "value": 9939.0,
            "min": 5368.0,
            "max": 12373.0,
            "count": 37
        },
        "MovingBrain.Environment.CumulativeReward.mean": {
            "value": 1.0,
            "min": -0.5,
            "max": 1.0,
            "count": 37
        },
        "MovingBrain.Environment.CumulativeReward.sum": {
            "value": 100.0,
            "min": -21.0,
            "max": 100.0,
            "count": 37
        },
        "MovingBrain.Policy.ExtrinsicReward.mean": {
            "value": 1.0,
            "min": -0.5,
            "max": 1.0,
            "count": 37
        },
        "MovingBrain.Policy.ExtrinsicReward.sum": {
            "value": 100.0,
            "min": -21.0,
            "max": 100.0,
            "count": 37
        },
        "MovingBrain.IsTraining.mean": {
            "value": 1.0,
            "min": 1.0,
            "max": 1.0,
            "count": 37
        },
        "MovingBrain.IsTraining.sum": {
            "value": 1.0,
            "min": 1.0,
            "max": 1.0,
            "count": 37
        },
        "MovingBrain.Losses.PolicyLoss.mean": {
            "value": 0.03862763680517674,
            "min": 0.028611325449310242,
            "max": 0.041323721416605015,
            "count": 36
        },
        "MovingBrain.Losses.PolicyLoss.sum": {
            "value": 0.03862763680517674,
            "min": 0.028611325449310242,
            "max": 0.041323721416605015,
            "count": 36
        },
        "MovingBrain.Losses.ValueLoss.mean": {
            "value": 0.023583552955339353,
            "min": 0.0008397486575025445,
            "max": 0.030242397511998812,
            "count": 36
        },
        "MovingBrain.Losses.ValueLoss.sum": {
            "value": 0.023583552955339353,
            "min": 0.0008397486575025445,
            "max": 0.030242397511998812,
            "count": 36
        },
        "MovingBrain.Policy.LearningRate.mean": {
            "value": 7.8054073982e-05,
            "min": 7.8054073982e-05,
            "max": 0.0002937552020816,
            "count": 36
        },
        "MovingBrain.Policy.LearningRate.sum": {
            "value": 7.8054073982e-05,
            "min": 7.8054073982e-05,
            "max": 0.0002937552020816,
            "count": 36
        },
        "MovingBrain.Policy.Epsilon.mean": {
            "value": 0.12601800000000002,
            "min": 0.12601800000000002,
            "max": 0.19791840000000008,
            "count": 36
        },
        "MovingBrain.Policy.Epsilon.sum": {
            "value": 0.12601800000000002,
            "min": 0.12601800000000002,
            "max": 0.19791840000000008,
            "count": 36
        },
        "MovingBrain.Policy.Beta.mean": {
            "value": 0.0013082982000000001,
            "min": 0.0013082982000000001,
            "max": 0.004896128160000001,
            "count": 36
        },
        "MovingBrain.Policy.Beta.sum": {
            "value": 0.0013082982000000001,
            "min": 0.0013082982000000001,
            "max": 0.004896128160000001,
            "count": 36
        }
    },
    "metadata": {
        "timer_format_version": "0.1.0",
        "start_time_seconds": "1625583615",
        "python_version": "3.8.6 (tags/v3.8.6:db45529, Sep 23 2020, 15:52:53) [MSC v.1927 64 bit (AMD64)]",
        "command_line_arguments": "D:\\ProgettoTesi\\Tesi\\venv\\Scripts\\mlagents-learn config/MovingBrain.yaml --run-id=MovBrnSecondOnePoint",
        "mlagents_version": "0.25.0",
        "mlagents_envs_version": "0.25.0",
        "communication_protocol_version": "1.5.0",
        "pytorch_version": "1.7.1+cu110",
        "numpy_version": "1.20.2",
        "end_time_seconds": "1625584475"
    },
    "total": 859.7639300000001,
    "count": 1,
    "self": 0.007121100000063052,
    "children": {
        "run_training.setup": {
            "total": 0.10154899999999989,
            "count": 1,
            "self": 0.10154899999999989
        },
        "TrainerController.start_learning": {
            "total": 859.6552599,
            "count": 1,
            "self": 1.0927731999960315,
            "children": {
                "TrainerController._reset_env": {
                    "total": 11.7717928,
                    "count": 1,
                    "self": 11.7717928
                },
                "TrainerController.advance": {
                    "total": 846.6984725000041,
                    "count": 47758,
                    "self": 0.5042243999995435,
                    "children": {
                        "env_step": {
                            "total": 846.1942481000045,
                            "count": 47758,
                            "self": 722.8175042000018,
                            "children": {
                                "SubprocessEnvManager._take_step": {
                                    "total": 122.80280940000733,
                                    "count": 47758,
                                    "self": 2.520176099998096,
                                    "children": {
                                        "TorchPolicy.evaluate": {
                                            "total": 120.28263330000924,
                                            "count": 46561,
                                            "self": 35.30024000001508,
                                            "children": {
                                                "TorchPolicy.sample_actions": {
                                                    "total": 84.98239329999416,
                                                    "count": 46561,
                                                    "self": 84.98239329999416
                                                }
                                            }
                                        }
                                    }
                                },
                                "workers": {
                                    "total": 0.5739344999954081,
                                    "count": 47757,
                                    "self": 0.0,
                                    "children": {
                                        "worker_root": {
                                            "total": 848.0368624999869,
                                            "count": 47757,
                                            "is_parallel": true,
                                            "self": 181.71362739999233,
                                            "children": {
                                                "steps_from_proto": {
                                                    "total": 0.0002702000000009974,
                                                    "count": 1,
                                                    "is_parallel": true,