{
    "name": "root",
    "metadata": {
        "timer_format_version": "0.1.0",
        "start_time_seconds": "1621610061",
        "python_version": "3.8.6 (tags/v3.8.6:db45529, Sep 23 2020, 15:52:53) [MSC v.1927 64 bit (AMD64)]",
        "command_line_arguments": "D:\\ProgettoTesi\\Tesi\\venv\\Scripts\\mlagents-learn --run-id=Test3",
        "mlagents_version": "0.25.0",
        "mlagents_envs_version": "0.25.0",
        "communication_protocol_version": "1.5.0",
        "pytorch_version": "1.7.1+cu110",
        "numpy_version": "1.20.2",
        "end_time_seconds": "1621610261"
    },
    "total": 200.0385106,
    "count": 1,
    "self": 0.005268299999983128,
    "children": {
        "run_training.setup": {
            "total": 0.026378699999999977,
            "count": 1,
            "self": 0.026378699999999977
        },
        "TrainerController.start_learning": {
            "total": 200.0068636,
            "count": 1,
            "self": 0.05456559999990418,
            "children": {
                "TrainerController._reset_env": {
                    "total": 7.6632731000000005,
                    "count": 1,
                    "self": 7.6632731000000005
                },
                "TrainerController.advance": {
                    "total": 192.2051943000001,
                    "count": 2373,
                    "self": 0.023702500000553073,
                    "children": {
                        "env_step": {
                            "total": 192.18149179999955,
                            "count": 2373,
                            "self": 185.63428239999953,
                            "children": {
                                "SubprocessEnvManager._take_step": {
                                    "total": 6.523416299999466,
                                    "count": 2373,
                                    "self": 0.10602719999911692,
                                    "children": {
                                        "TorchPolicy.evaluate": {
                                            "total": 6.417389100000349,
                                            "count": 2373,
                                            "self": 1.8296709000005933,
                                            "children": {
                                                "TorchPolicy.sample_actions": {
                                                    "total": 4.587718199999756,
                                                    "count": 2373,
                                                    "self": 4.587718199999756
                                                }
                                            }
                                        }
                                    }
                                },
                                "workers": {
                                    "total": 0.023793100000556677,
                                    "count": 2372,
                                    "self": 0.0,
                                    "children": {
                                        "worker_root": {
                                            "total": 193.44467970000093,
                                            "count": 2372,
                                            "is_parallel": true,
                                            "self": 9.818419300001096,
                                            "children": {
                                                "steps_from_proto": {
                                                    "total": 0.0003241000000002714,
                                                    "count": 1,
                                                    "is_parallel": true,
                                                    "self": 0.00018380000000117747,
                                                    "children": {
                                                        "_process_rank_one_or_two_observation": {
                                                            "total": 0.00014029999999909393,
                                                            "count": 2,
                                                            "is_parallel": true,
                                                            "self": 0.00014029999999909393
                                                        }
                                                    }
                                                },
                                                "UnityEnvironment.step": {
                                                    "total": 183.62593629999984,
                                                    "count": 2372,
                                                    "is_parallel": true,
                                                    "self": 0.13199240000074042,
                                                    "children": {
                                                        "UnityEnvironment._generate_step_input": {
                                                            "total": 0.29692219999956215,
                                                            "count": 2372,
                                                            "is_parallel": true,
                                                            "self": 0.29692219999956215
                                                        },
                                                        "communicator.exchange": {
                                                            "total": 182.57754269999964,
                                                            "count": 2372,
                                                            "is_parallel": true,
                                                            "self": 182.57754269999964
                                                        },
                                                        "steps_from_proto": {
                                                            "total": 0.6194789999999113,
                                                            "count": 2372,
                                                            "is_parallel": true,
                                                            "self": 0.4055607000000254,
                                                            "children": {
                                                                "_process_rank_one_or_two_observation": {
                                                                    "total": 0.21391829999988587,
                                                                    "count": 4744,
                                                                    "is_parallel": true,
                                                                    "self": 0.21391829999988587
                                                                }
                                                            }
                                                        }
                                                    }
                                                }
                                            }
                                        }
                                    }
                                }
                            }
                        }
                    }
                },
                "trainer_threads": {
                    "total": 1.5799999999899228e-05,
                    "count": 1,
                    "self": 1.5799999999899228e-05,
                    "children": {
                        "thread_root": {
                            "total": 0.0,
                            "count": 0,
                            "is_parallel": true,
                            "self": 0.0,
                            "children": {
                                "trainer_advance": {
                                    "total": 192.05119239999874,