{
    "name": "root",
    "metadata": {
        "timer_format_version": "0.1.0",
        "start_time_seconds": "1624811845",
        "python_version": "3.8.6 (tags/v3.8.6:db45529, Sep 23 2020, 15:52:53) [MSC v.1927 64 bit (AMD64)]",
        "command_line_arguments": "D:\\ProgettoTesi\\Tesi\\venv\\Scripts\\mlagents-learn --run-id=TestMov10",
        "mlagents_version": "0.25.0",
        "mlagents_envs_version": "0.25.0",
        "communication_protocol_version": "1.5.0",
        "pytorch_version": "1.7.1+cu110",
        "numpy_version": "1.20.2",
        "end_time_seconds": "1624811872"
    },
    "total": 27.2772918,
    "count": 1,
    "self": 0.004050899999999302,
    "children": {
        "run_training.setup": {
            "total": 0.029177599999999915,
            "count": 1,
            "self": 0.029177599999999915
        },
        "TrainerController.start_learning": {
            "total": 27.2440633,
            "count": 1,
            "self": 0.008364200000002597,
            "children": {
                "TrainerController._reset_env": {
                    "total": 6.5655269,
                    "count": 1,
                    "self": 6.5655269
                },
                "TrainerController.advance": {
                    "total": 20.5830351,
                    "count": 17,
                    "self": 0.0001773999999983289,
                    "children": {
                        "env_step": {
                            "total": 20.5828577,
                            "count": 17,
                            "self": 20.2682636,
                            "children": {
                                "SubprocessEnvManager._take_step": {
                                    "total": 0.3144443000000008,
                                    "count": 17,
                                    "self": 0.0008517999999977377,
                                    "children": {
                                        "TorchPolicy.evaluate": {
                                            "total": 0.31359250000000305,
                                            "count": 16,
                                            "self": 0.01067320000000116,
                                            "children": {
                                                "TorchPolicy.sample_actions": {
                                                    "total": 0.3029193000000019,
                                                    "count": 16,
                                                    "self": 0.3029193000000019
                                                }
                                            }
                                        }
                                    }
                                },
                                "workers": {
                                    "total": 0.00014979999999908955,
                                    "count": 16,
                                    "self": 0.0,
                                    "children": {
                                        "worker_root": {
                                            "total": 6.410073200000001,
                                            "count": 16,
                                            "is_parallel": true,
                                            "self": 1.7518589000000038,
                                            "children": {
                                                "steps_from_proto": {
                                                    "total": 0.0003245999999998972,
                                                    "count": 1,
                                                    "is_parallel": true,
                                                    "self": 0.00013359999999984495,
                                                    "children": {
                                                        "_process_rank_one_or_two_observation": {
                                                            "total": 0.00019100000000005224,
                                                            "count": 2,
                                                            "is_parallel": true,
                                                            "self": 0.00019100000000005224
                                                        }
                                                    }
                                                },
                                                "UnityEnvironment.step": {
                                                    "total": 4.6578896999999975,
                                                    "count": 16,
                                                    "is_parallel": true,
                                                    "self": 0.0008999999999987907,
                                                    "children": {
                                                        "UnityEnvironment._generate_step_input": {
                                                            "total": 0.001996299999996509,
                                                            "count": 16,
                                                            "is_parallel": true,
                                                            "self": 0.001996299999996509
                                                        },
                                                        "communicator.exchange": {
                                                            "total": 4.651905200000002,
                                                            "count": 16,
                                                            "is_parallel": true,
                                                            "self": 4.651905200000002
                                                        },
                                                        "steps_from_proto": {
                                                            "total": 0.0030882000000005405,
                                                            "count": 16,
                                                            "is_parallel": true,
                                                            "self": 0.0016243000000031316,
                                                            "children": {
                                                                "_process_rank_one_or_two_observation": {
                                                                    "total": 0.001463899999997409,
                                                                    "count": 32,
                                                                    "is_parallel": true,
                                                                    "self": 0.001463899999997409
                                                                }
                                                            }
                                                        }
                                                    }
                                                }
                                            }
                                        }
                                    }
                                }
                            }
                        }
                    }
                },
                "trainer_threads": {
                    "total": 1.619999999746824e-05,
                    "count": 1,
                    "self": 1.619999999746824e-05,
                    "children": {
                        "thread_root": {
                            "total": 0.0,
                            "count": 0,
                            "is_parallel": true,
                            "self": 0.0,
                            "children": {
                                "trainer_advance": {
                                    "total": 20.569735900000033,
                                    "count": 1324,