{
    "name": "root",
    "gauges": {
        "MovingBrain.Policy.Entropy.mean": {
            "value": 1.242901086807251,
            "min": 1.242901086807251,
            "max": 1.4189382791519165,
            "count": 70
        },
        "MovingBrain.Policy.Entropy.sum": {
            "value": 12498.61328125,
            "min": 12319.74609375,
            "max": 14643.443359375,
            "count": 70
        },
        "MovingBrain.Policy.ExtrinsicValueEstimate.mean": {
            "value": 4.359658718109131,
            "min": -3.1130917072296143,
            "max": 4.389227390289307,
            "count": 70
        },
        "MovingBrain.Policy.ExtrinsicValueEstimate.sum": {
            "value": 736.7823486328125,
            "min": -507.4339599609375,
            "max": 746.5588989257812,
            "count": 70
        },
        "MovingBrain.Environment.EpisodeLength.mean": {
            "value": 365.14285714285717,
            "min": 344.77777777777777,
            "max": 824.2666666666667,
            "count": 70
        },
        "MovingBrain.Environment.EpisodeLength.sum": {
            "value": 10224.0,
            "min": 7163.0,
            "max": 12364.0,
            "count": 70
        },
        "MovingBrain.Environment.CumulativeReward.mean": {
            "value": 21.066427186530614,
            "min": -26.990003446737926,
            "max": 21.64142724405974,
            "count": 70
        },
        "MovingBrain.Environment.CumulativeReward.sum": {
            "value": 589.8599612228572,
            "min": -323.8800413608551,
            "max": 647.6499578468502,
            "count": 70
        },
        "MovingBrain.Policy.ExtrinsicReward.mean": {
            "value": 21.066427186530614,
            "min": -26.990003446737926,
            "max": 21.64142724405974,
            "count": 70
        },
        "MovingBrain.Policy.ExtrinsicReward.sum": {
            "value": 589.8599612228572,
            "min": -323.8800413608551,
            "max": 647.6499578468502,
            "count": 70
        },
        "MovingBrain.IsTraining.mean": {
            "value": 1.0,
            "min": 1.0,
            "max": 1.0,
            "count": 70
        },
        "MovingBrain.IsTraining.sum": {
            "value": 1.0,
            "min": 1.0,
            "max": 1.0,
            "count": 70
        },
        "MovingBrain.Losses.PolicyLoss.mean": {
            "value": 0.03823731520678848,
            "min": 0.02515758608157436,
            "max": 0.04202853779618939,
            "count": 68
        },
        "MovingBrain.Losses.PolicyLoss.sum": {
            "value": 0.03823731520678848,
            "min": 0.02515758608157436,
            "max": 0.04202853779618939,
            "count": 68
        },
        "MovingBrain.Losses.ValueLoss.mean": {
            "value": 0.8117651512225469,
            "min": 0.359903617699941,
            "max": 0.8918278048435847,
            "count": 68
        },
        "MovingBrain.Losses.ValueLoss.sum": {
            "value": 0.8117651512225469,
            "min": 0.359903617699941,
            "max": 0.8918278048435847,
            "count": 68
        },
        "MovingBrain.Policy.LearningRate.mean": {
            "value": 0.0001602168465944,
            "min": 0.0001602168465944,
            "max": 0.00029793700068766663,
            "count": 68
        },
        "MovingBrain.Policy.LearningRate.sum": {
            "value": 0.0001602168465944,
            "min": 0.0001602168465944,
            "max": 0.00029793700068766663,
            "count": 68
        },
        "MovingBrain.Policy.Epsilon.mean": {
            "value": 0.15340559999999998,
            "min": 0.15340559999999998,
            "max": 0.19931233333333334,
            "count": 68
        },
        "MovingBrain.Policy.Epsilon.sum": {
            "value": 0.15340559999999998,
            "min": 0.15340559999999998,
            "max": 0.19931233333333334,
            "count": 68
        },
        "MovingBrain.Policy.Beta.mean": {
            "value": 0.00267493944,
            "min": 0.00267493944,
            "max": 0.004965685433333331,
            "count": 68
        },
        "MovingBrain.Policy.Beta.sum": {
            "value": 0.00267493944,
            "min": 0.00267493944,
            "max": 0.004965685433333331,
            "count": 68
        }
    },
    "metadata": {
        "timer_format_version": "0.1.0",
        "start_time_seconds": "1626108624",
        "python_version": "3.8.6 (tags/v3.8.6:db45529, Sep 23 2020, 15:52:53) [MSC v.1927 64 bit (AMD64)]",
        "command_line_arguments": "D:\\ProgettoTesi\\Tesi\\venv\\Scripts\\mlagents-learn config/MovingBrain.yaml --run-id=MovBrnTwoPoint3Change",
        "mlagents_version": "0.25.0",
        "mlagents_envs_version": "0.25.0",
        "communication_protocol_version": "1.5.0",
        "pytorch_version": "1.7.1+cu110",
        "numpy_version": "1.20.2",
        "end_time_seconds": "1626109799"
    },
    "total": 1175.554901,
    "count": 1,
    "self": 0.00798569999983556,
    "children": {
        "run_training.setup": {
            "total": 0.09885919999999992,
            "count": 1,
            "self": 0.09885919999999992
        },
        "TrainerController.start_learning": {
            "total": 1175.4480561,
            "count": 1,
            "self": 1.9680868999842005,
            "children": {
                "TrainerController._reset_env": {
                    "total": 8.0284186,
                    "count": 1,
                    "self": 8.0284186
                },
                "TrainerController.advance": {
                    "total": 1165.3869341000157,
                    "count": 89430,
                    "self": 0.955960600010485,
                    "children": {
                        "env_step": {
                            "total": 1164.4309735000052,
                            "count": 89430,
                            "self": 923.2049075999788,
                            "children": {
                                "SubprocessEnvManager._take_step": {
                                    "total": 240.19681020001252,
                                    "count": 89430,
                                    "self": 4.725940200001986,
                                    "children": {
                                        "TorchPolicy.evaluate": {
                                            "total": 235.47087000001054,
                                            "count": 88087,
                                            "self": 70.97451100000885,
                                            "children": {
                                                "TorchPolicy.sample_actions": {
                                                    "total": 164.4963590000017,
                                                    "count": 88087,
                                                    "self": 164.4963590000017
                                                }
                                            }
                                        }
                                    }
                                },
                                "workers": {
                                    "total": 1.0292557000138753,
                                    "count": 89429,
                                    "self": 0.0,
                                    "children": {
                                        "worker_root": {
                                            "total": 1166.603634200018,
                                            "count": 89429,
                                            "is_parallel": true,
                                            "self": 355.01884000000325,
                                            "children": {
                                                "steps_from_proto": {
                                                    "total": 0.0002934000000003323,