{
    "name": "root",
    "gauges": {
        "TargetChooser.Policy.Entropy.mean": {
            "value": 0.00048109449562616646,
            "min": 0.00048109449562616646,
            "max": 0.9623134136199951,
            "count": 16
        },
        "TargetChooser.Policy.Entropy.sum": {
            "value": 4.8027663230896,
            "min": 4.8027663230896,
            "max": 9631.794921875,
            "count": 16
        },
        "TargetChooser.Environment.EpisodeLength.mean": {
            "value": 19.3734693877551,
            "min": 19.302231237322516,
            "max": 19.431492842535786,
            "count": 16
        },
        "TargetChooser.Environment.EpisodeLength.sum": {
            "value": 9493.0,
            "min": 9493.0,
            "max": 9526.0,
            "count": 16
        },
        "TargetChooser.Policy.ExtrinsicValueEstimate.mean": {
            "value": 10.156187057495117,
            "min": -1.1417865753173828,
            "max": 10.156187057495117,
            "count": 16
        },
        "TargetChooser.Policy.ExtrinsicValueEstimate.sum": {
            "value": 4976.53173828125,
            "min": -561.7589721679688,
            "max": 4976.53173828125,
            "count": 16
        },
        "TargetChooser.Environment.CumulativeReward.mean": {
            "value": 20.37142857142857,
            "min": 1.4613821138211383,
            "max": 20.38673469387755,
            "count": 16
        },
        "TargetChooser.Environment.CumulativeReward.sum": {
            "value": 9982.0,
            "min": 719.0,
            "max": 10007.5,
            "count": 16
        },
        "TargetChooser.Policy.ExtrinsicReward.mean": {
            "value": 20.37142857142857,
            "min": 1.4613821138211383,
            "max": 20.38673469387755,
            "count": 16
        },
        "TargetChooser.Policy.ExtrinsicReward.sum": {
            "value": 9982.0,
            "min": 719.0,
            "max": 10007.5,
            "count": 16
        },
        "TargetChooser.IsTraining.mean": {
            "value": 1.0,
            "min": 1.0,
            "max": 1.0,
            "count": 16
        },
        "TargetChooser.IsTraining.sum": {
            "value": 1.0,
            "min": 1.0,
            "max": 1.0,
            "count": 16
        },
        "TargetChooser.Losses.PolicyLoss.mean": {
            "value": 0.09935858282454622,
            "min": 0.09632063045476874,
            "max": 0.112074208073318,
            "count": 15
        },
        "TargetChooser.Losses.PolicyLoss.sum": {
            "value": 0.09935858282454622,
            "min": 0.09632063045476874,
            "max": 0.112074208073318,
            "count": 15
        },
        "TargetChooser.Losses.ValueLoss.mean": {
            "value": 1.2134224149088064,
            "min": 1.2034704063087702,
            "max": 6.738668046891689,
            "count": 15
        },
        "TargetChooser.Losses.ValueLoss.sum": {
            "value": 1.2134224149088064,
            "min": 1.2034704063087702,
            "max": 6.738668046891689,
            "count": 15
        },
        "TargetChooser.Policy.LearningRate.mean": {
            "value": 0.00020772543075820002,
            "min": 0.00020772543075820002,
            "max": 0.00029384820205060003,
            "count": 15
        },
        "TargetChooser.Policy.LearningRate.sum": {
            "value": 0.00020772543075820002,
            "min": 0.00020772543075820002,
            "max": 0.00029384820205060003,
            "count": 15
        },
        "TargetChooser.Policy.Epsilon.mean": {
            "value": 0.1692418,
            "min": 0.1692418,
            "max": 0.19794940000000003,
            "count": 15
        },
        "TargetChooser.Policy.Epsilon.sum": {
            "value": 0.1692418,
            "min": 0.1692418,
            "max": 0.19794940000000003,
            "count": 15
        },
        "TargetChooser.Policy.Beta.mean": {
            "value": 0.0034651658199999994,
            "min": 0.0034651658199999994,
            "max": 0.00489767506,
            "count": 15
        },
        "TargetChooser.Policy.Beta.sum": {
            "value": 0.0034651658199999994,
            "min": 0.0034651658199999994,
            "max": 0.00489767506,
            "count": 15
        }
    },
    "metadata": {
        "timer_format_version": "0.1.0",
        "start_time_seconds": "1622480905",
        "python_version": "3.8.6 (tags/v3.8.6:db45529, Sep 23 2020, 15:52:53) [MSC v.1927 64 bit (AMD64)]",
        "command_line_arguments": "D:\\ProgettoTesi\\Tesi\\venv\\Scripts\\mlagents-learn config/TargetChooser.yaml --run-id=TargetChooserStandarParty",
        "mlagents_version": "0.25.0",
        "mlagents_envs_version": "0.25.0",
        "communication_protocol_version": "1.5.0",
        "pytorch_version": "1.7.1+cu110",
        "numpy_version": "1.20.2",
        "end_time_seconds": "1622493221"
    },
    "total": 12316.577933800001,
    "count": 1,
    "self": 0.00673580000147922,
    "children": {
        "run_training.setup": {
            "total": 0.2188983,
            "count": 1,
            "self": 0.2188983
        },
        "TrainerController.start_learning": {
            "total": 12316.3522997,
            "count": 1,
            "self": 3.381366099962179,
            "children": {
                "TrainerController._reset_env": {
                    "total": 21.6230827,
                    "count": 1,
                    "self": 21.6230827
                },
                "TrainerController.advance": {
                    "total": 12290.675278200039,
                    "count": 167120,
                    "self": 1.742410400063818,
                    "children": {
                        "env_step": {
                            "total": 12288.932867799975,
                            "count": 167120,
                            "self": 11912.320981800012,
                            "children": {
                                "SubprocessEnvManager._take_step": {
                                    "total": 374.7390995001821,
                                    "count": 167120,
                                    "self": 7.411733200287131,
                                    "children": {
                                        "TorchPolicy.evaluate": {
                                            "total": 367.32736629989495,
                                            "count": 167120,
                                            "self": 136.89330589992053,
                                            "children": {
                                                "TorchPolicy.sample_actions": {
                                                    "total": 230.4340603999744,
                                                    "count": 167120,
                                                    "self": 230.4340603999744
                                                }
                                            }
                                        }
                                    }
                                },
                                "workers": {
                                    "total": 1.8727864997796786,
                                    "count": 167119,
                                    "self": 0.0,
                                    "children": {
                                        "worker_root": {
                                            "total": 12302.937047199977,
                                            "count": 167119,
                                            "is_parallel": true,
                                            "self": 530.8163802001418,
                                            "children": {
                                                "steps_from_proto": {
                                                    "total": 0.00042639999999849465,