{
    "name": "root",
    "gauges": {
        "MovingBrain.Policy.Entropy.mean": {
            "value": 1.032245397567749,
            "min": 1.032245397567749,
            "max": 1.4189382791519165,
            "count": 82
        },
        "MovingBrain.Policy.Entropy.sum": {
            "value": 10314.1962890625,
            "min": 10050.748046875,
            "max": 14620.740234375,
            "count": 82
        },
        "MovingBrain.Policy.ExtrinsicValueEstimate.mean": {
            "value": 4.986110687255859,
            "min": 0.7151229381561279,
            "max": 6.054907321929932,
            "count": 82
        },
        "MovingBrain.Policy.ExtrinsicValueEstimate.sum": {
            "value": 882.5416259765625,
            "min": 122.28602600097656,
            "max": 1098.2484130859375,
            "count": 82
        },
        "MovingBrain.Environment.EpisodeLength.mean": {
            "value": 243.85714285714286,
            "min": 120.0506329113924,
            "max": 605.0,
            "count": 82
        },
        "MovingBrain.Environment.EpisodeLength.sum": {
            "value": 10242.0,
            "min": 7436.0,
            "max": 11996.0,
            "count": 82
        },
        "MovingBrain.Environment.CumulativeReward.mean": {
            "value": 23.396428526157425,
            "min": -0.7652777408560117,
            "max": 23.653333244721093,
            "count": 82
        },
        "MovingBrain.Environment.CumulativeReward.sum": {
            "value": 982.6499980986118,
            "min": -27.54999867081642,
            "max": 1492.0499933958054,
            "count": 82
        },
        "MovingBrain.Policy.ExtrinsicReward.mean": {
            "value": 23.396428526157425,
            "min": -0.7652777408560117,
            "max": 23.653333244721093,
            "count": 82
        },
        "MovingBrain.Policy.ExtrinsicReward.sum": {
            "value": 982.6499980986118,
            "min": -27.54999867081642,
            "max": 1492.0499933958054,
            "count": 82
        },
        "MovingBrain.IsTraining.mean": {
            "value": 1.0,
            "min": 1.0,
            "max": 1.0,
            "count": 82
        },
        "MovingBrain.IsTraining.sum": {
            "value": 1.0,
            "min": 1.0,
            "max": 1.0,
            "count": 82
        },
        "MovingBrain.Losses.PolicyLoss.mean": {
            "value": 0.03604888824435572,
            "min": 0.028704595852953693,
            "max": 0.04124311989483734,
            "count": 79
        },
        "MovingBrain.Losses.PolicyLoss.sum": {
            "value": 0.03604888824435572,
            "min": 0.028704595852953693,
            "max": 0.04124311989483734,
            "count": 79
        },
        "MovingBrain.Losses.ValueLoss.mean": {
            "value": 1.6505522151788077,
            "min": 0.4985669379432996,
            "max": 2.635076677799225,
            "count": 79
        },
        "MovingBrain.Losses.ValueLoss.sum": {
            "value": 1.6505522151788077,
            "min": 0.4985669379432996,
            "max": 2.635076677799225,
            "count": 79
        },
        "MovingBrain.Policy.LearningRate.mean": {
            "value": 0.00013762425412526668,
            "min": 0.00013762425412526668,
            "max": 0.00029794160068613324,
            "count": 79
        },
        "MovingBrain.Policy.LearningRate.sum": {
            "value": 0.00013762425412526668,
            "min": 0.00013762425412526668,
            "max": 0.00029794160068613324,
            "count": 79
        },
        "MovingBrain.Policy.Epsilon.mean": {
            "value": 0.1458747333333333,
            "min": 0.1458747333333333,
            "max": 0.19931386666666676,
            "count": 79
        },
        "MovingBrain.Policy.Epsilon.sum": {
            "value": 0.1458747333333333,
            "min": 0.1458747333333333,
            "max": 0.19931386666666676,
            "count": 79
        },
        "MovingBrain.Policy.Beta.mean": {
            "value": 0.002299149193333332,
            "min": 0.002299149193333332,
            "max": 0.004965761946666665,
            "count": 79
        },
        "MovingBrain.Policy.Beta.sum": {
            "value": 0.002299149193333332,
            "min": 0.002299149193333332,
            "max": 0.004965761946666665,
            "count": 79
        }
    },
    "metadata": {
        "timer_format_version": "0.1.0",
        "start_time_seconds": "1625588552",
        "python_version": "3.8.6 (tags/v3.8.6:db45529, Sep 23 2020, 15:52:53) [MSC v.1927 64 bit (AMD64)]",
        "command_line_arguments": "D:\\ProgettoTesi\\Tesi\\venv\\Scripts\\mlagents-learn config/MovingBrain.yaml --run-id=MovBrnSecondOnePoint2",
        "mlagents_version": "0.25.0",
        "mlagents_envs_version": "0.25.0",
        "communication_protocol_version": "1.5.0",
        "pytorch_version": "1.7.1+cu110",
        "numpy_version": "1.20.2",
        "end_time_seconds": "1625589961"
    },
    "total": 1408.7792579,
    "count": 1,
    "self": 0.006771799999796713,
    "children": {
        "run_training.setup": {
            "total": 0.115753,
            "count": 1,
            "self": 0.115753
        },
        "TrainerController.start_learning": {
            "total": 1408.6567331,
            "count": 1,
            "self": 2.400765499977524,
            "children": {
                "TrainerController._reset_env": {
                    "total": 7.0892330999999995,
                    "count": 1,
                    "self": 7.0892330999999995
                },
                "TrainerController.advance": {
                    "total": 1399.0440792000225,
                    "count": 106075,
                    "self": 1.1471947000497948,
                    "children": {
                        "env_step": {
                            "total": 1397.8968844999727,
                            "count": 106075,
                            "self": 1121.5227473999876,
                            "children": {
                                "SubprocessEnvManager._take_step": {
                                    "total": 275.13714690000296,
                                    "count": 106075,
                                    "self": 5.796627500015745,
                                    "children": {
                                        "TorchPolicy.evaluate": {
                                            "total": 269.3405193999872,
                                            "count": 103244,
                                            "self": 78.19083530001433,
                                            "children": {
                                                "TorchPolicy.sample_actions": {
                                                    "total": 191.1496840999729,
                                                    "count": 103244,
                                                    "self": 191.1496840999729
                                                }
                                            }
                                        }
                                    }
                                },
                                "workers": {
                                    "total": 1.2369901999820918,
                                    "count": 106074,
                                    "self": 0.0,
                                    "children": {
                                        "worker_root": {
                                            "total": 1400.2451233000309,
                                            "count": 106074,
                                            "is_parallel": true,
                                            "self": 410.69357620001574,