{
    "name": "root",
    "metadata": {
        "timer_format_version": "0.1.0",
        "start_time_seconds": "1624802314",
        "python_version": "3.8.6 (tags/v3.8.6:db45529, Sep 23 2020, 15:52:53) [MSC v.1927 64 bit (AMD64)]",
        "command_line_arguments": "D:\\ProgettoTesi\\Tesi\\venv\\Scripts\\mlagents-learn --run-id=TestMov1",
        "mlagents_version": "0.25.0",
        "mlagents_envs_version": "0.25.0",
        "communication_protocol_version": "1.5.0",
        "pytorch_version": "1.7.1+cu110",
        "numpy_version": "1.20.2",
        "end_time_seconds": "1624802367"
    },
    "total": 53.156930700000004,
    "count": 1,
    "self": 0.002806900000003054,
    "children": {
        "run_training.setup": {
            "total": 0.16693169999999924,
            "count": 1,
            "self": 0.16693169999999924
        },
        "TrainerController.start_learning": {
            "total": 52.9871921,
            "count": 1,
            "self": 0.013305000000002565,
            "children": {
                "TrainerController._reset_env": {
                    "total": 26.282083600000004,
                    "count": 1,
                    "self": 26.282083600000004
                },
                "TrainerController.advance": {
                    "total": 25.942346200000003,
                    "count": 12,
                    "self": 0.00012040000000013151,
                    "children": {
                        "env_step": {
                            "total": 25.942225800000003,
                            "count": 12,
                            "self": 22.439296900000002,
                            "children": {
                                "SubprocessEnvManager._take_step": {
                                    "total": 3.502821399999995,
                                    "count": 12,
                                    "self": 0.0006408999999862885,
                                    "children": {
                                        "TorchPolicy.evaluate": {
                                            "total": 3.5021805000000086,
                                            "count": 12,
                                            "self": 0.052082700000013915,
                                            "children": {
                                                "TorchPolicy.sample_actions": {
                                                    "total": 3.4500977999999947,
                                                    "count": 12,
                                                    "self": 3.4500977999999947
                                                }
                                            }
                                        }
                                    }
                                },
                                "workers": {
                                    "total": 0.00010750000000570026,
                                    "count": 11,
                                    "self": 0.0,
                                    "children": {
                                        "worker_root": {
                                            "total": 22.417111000000023,
                                            "count": 11,
                                            "is_parallel": true,
                                            "self": 17.728434200000027,
                                            "children": {
                                                "steps_from_proto": {
                                                    "total": 0.000297899999999629,
                                                    "count": 1,
                                                    "is_parallel": true,
                                                    "self": 0.0001049000000001854,
                                                    "children": {
                                                        "_process_rank_one_or_two_observation": {
                                                            "total": 0.00019299999999944362,
                                                            "count": 2,
                                                            "is_parallel": true,
                                                            "self": 0.00019299999999944362
                                                        }
                                                    }
                                                },
                                                "UnityEnvironment.step": {
                                                    "total": 4.6883788999999965,
                                                    "count": 11,
                                                    "is_parallel": true,
                                                    "self": 0.0005999000000080912,
                                                    "children": {
                                                        "UnityEnvironment._generate_step_input": {
                                                            "total": 0.0014775000000035732,
                                                            "count": 11,
                                                            "is_parallel": true,
                                                            "self": 0.0014775000000035732
                                                        },
                                                        "communicator.exchange": {
                                                            "total": 4.684273000000005,
                                                            "count": 11,
                                                            "is_parallel": true,
                                                            "self": 4.684273000000005
                                                        },
                                                        "steps_from_proto": {
                                                            "total": 0.0020284999999802267,
                                                            "count": 11,
                                                            "is_parallel": true,
                                                            "self": 0.0010688999999572957,
                                                            "children": {
                                                                "_process_rank_one_or_two_observation": {
                                                                    "total": 0.000959600000022931,
                                                                    "count": 22,
                                                                    "is_parallel": true,
                                                                    "self": 0.000959600000022931
                                                                }
                                                            }
                                                        }
                                                    }
                                                }
                                            }
                                        }
                                    }
                                }
                            }
                        }
                    }
                },
                "trainer_threads": {
                    "total": 1.9899999998074236e-05,
                    "count": 1,
                    "self": 1.9899999998074236e-05,
                    "children": {
                        "thread_root": {
                            "total": 0.0,
                            "count": 0,
                            "is_parallel": true,
                            "self": 0.0,
                            "children": {
                                "trainer_advance": {
                                    "total": 25.920827400000093,