{"cameraMode":{"drawMode":0,"name":"Shaded","section":"Shading Mode"},"sceneLighting":false,"audioPlay":false,"sceneViewState":{"m_AlwaysRefresh":false,"showFog":true,"showSkybox":false,"showFlares":true,"showImageEffects":true,"showParticleSystems":true,"showVisualEffectGraphs":true,"m_FxEnabled":true},"in2DMode":false,"pivot":{"x":-2.755892276763916,"y":2.4891552925109865,"z":7.8012847900390629},"rotation":{"x":0.010806339792907238,"y":-0.6933247447013855,"z":0.010399521328508854,"w":0.7204707860946655},"size":5.281981468200684,"orthographic":false}