{"cameraMode":{"drawMode":0,"name":"Shaded","section":"Shading Mode"},"sceneLighting":false,"audioPlay":false,"sceneViewState":{"m_AlwaysRefresh":false,"showFog":true,"showSkybox":false,"showFlares":true,"showImageEffects":true,"showParticleSystems":true,"showVisualEffectGraphs":true,"m_FxEnabled":true},"in2DMode":false,"pivot":{"x":-0.1757930964231491,"y":4.71931266784668,"z":-0.1382240206003189},"rotation":{"x":-0.0008078862447291613,"y":-0.9889047741889954,"z":0.14884822070598603,"w":-0.004441660828888416},"size":5.668849945068359,"orthographic":false}