{"cameraMode":{"drawMode":0,"name":"Shaded","section":"Shading Mode"},"sceneLighting":false,"audioPlay":false,"sceneViewState":{"m_AlwaysRefresh":false,"showFog":true,"showSkybox":false,"showFlares":true,"showImageEffects":true,"showParticleSystems":true,"showVisualEffectGraphs":true,"m_FxEnabled":true},"in2DMode":false,"pivot":{"x":-0.1757930964231491,"y":4.71931266784668,"z":-0.1382240206003189},"rotation":{"x":0.08300019800662995,"y":-0.0113562336191535,"z":0.0010552481980994344,"w":0.9965448975563049},"size":5.1856536865234379,"orthographic":false}