{"cameraMode":{"drawMode":0,"name":"Shaded","section":"Shading Mode"},"sceneLighting":false,"audioPlay":false,"sceneViewState":{"m_AlwaysRefresh":false,"showFog":true,"showSkybox":false,"showFlares":true,"showImageEffects":true,"showParticleSystems":true,"showVisualEffectGraphs":true,"m_FxEnabled":true},"in2DMode":false,"pivot":{"x":-0.1757930964231491,"y":4.71931266784668,"z":-0.1382240206003189},"rotation":{"x":0.05569371581077576,"y":-0.050603900104761127,"z":0.002949813148006797,"w":0.9972177743911743},"size":3.2688491344451906,"orthographic":false}