{"cameraMode":{"drawMode":0,"name":"Shaded","section":"Shading Mode"},"sceneLighting":false,"audioPlay":false,"sceneViewState":{"m_AlwaysRefresh":false,"showFog":true,"showSkybox":false,"showFlares":true,"showImageEffects":true,"showParticleSystems":true,"showVisualEffectGraphs":true,"m_FxEnabled":true},"in2DMode":false,"pivot":{"x":-0.1757930964231491,"y":4.71931266784668,"z":-0.1382240206003189},"rotation":{"x":-0.010672255419194699,"y":-0.9545191526412964,"z":0.034059297293424609,"w":-0.2962133586406708},"size":5.1856536865234379,"orthographic":false}