{"cameraMode":{"drawMode":0,"name":"Shaded","section":"Shading Mode"},"sceneLighting":false,"audioPlay":false,"sceneViewState":{"m_AlwaysRefresh":false,"showFog":true,"showSkybox":false,"showFlares":true,"showImageEffects":true,"showParticleSystems":true,"showVisualEffectGraphs":true,"m_FxEnabled":true},"in2DMode":false,"pivot":{"x":-0.1757930964231491,"y":4.71931266784668,"z":-0.1382240206003189},"rotation":{"x":0.036616191267967227,"y":0.12528720498085023,"z":-0.004496483597904444,"w":0.9914897680282593},"size":5.668849945068359,"orthographic":false}