{"cameraMode":{"drawMode":0,"name":"Shaded","section":"Shading Mode"},"sceneLighting":false,"audioPlay":false,"sceneViewState":{"m_AlwaysRefresh":false,"showFog":true,"showSkybox":false,"showFlares":true,"showImageEffects":true,"showParticleSystems":true,"showVisualEffectGraphs":true,"m_FxEnabled":true},"in2DMode":false,"pivot":{"x":-2.587787389755249,"y":4.718982696533203,"z":0.21248462796211244},"rotation":{"x":0.001241224817931652,"y":-0.7052202820777893,"z":0.00130109500605613,"w":0.7090325951576233},"size":6.278377056121826,"orthographic":false}