{
    "name": "root",
    "gauges": {
        "MovingBrainSac.Policy.Entropy.mean": {
            "value": -1.0626139640808105,
            "min": -1.8464443683624268,
            "max": 1.298331618309021,
            "count": 37
        },
        "MovingBrainSac.Policy.Entropy.sum": {
            "value": -11161.697265625,
            "min": -17991.75390625,
            "max": 14603.6337890625,
            "count": 37
        },
        "MovingBrainSac.Policy.ExtrinsicValue.mean": {
            "value": 13.724655151367188,
            "min": 3.623492956161499,
            "max": 13.724655151367188,
            "count": 37
        },
        "MovingBrainSac.Policy.ExtrinsicValue.sum": {
            "value": 2360.640625,
            "min": 619.6173095703125,
            "max": 2360.640625,
            "count": 37
        },
        "MovingBrainSac.Losses.PolicyLoss.mean": {
            "value": -11.494138340150737,
            "min": -14.41132767983187,
            "max": -2.4525679921855694,
            "count": 37
        },
        "MovingBrainSac.Losses.PolicyLoss.sum": {
            "value": -12103.327672178726,
            "min": -14468.972990551198,
            "max": -2150.9021291467443,
            "count": 37
        },
        "MovingBrainSac.Losses.ValueLoss.mean": {
            "value": 0.007310136822884311,
            "min": 0.0013333034021671443,
            "max": 0.07793943863694691,
            "count": 37
        },
        "MovingBrainSac.Losses.ValueLoss.sum": {
            "value": 7.6975740744971795,
            "min": 1.33996991917798,
            "max": 68.35288768460244,
            "count": 37
        },
        "MovingBrainSac.Losses.Q1Loss.mean": {
            "value": 0.28357175702187293,
            "min": 0.005567947702645676,
            "max": 0.28929757708880804,
            "count": 37
        },
        "MovingBrainSac.Losses.Q1Loss.sum": {
            "value": 298.6010601440322,
            "min": 5.595787441158905,
            "max": 298.6010601440322,
            "count": 37
        },
        "MovingBrainSac.Losses.Q2Loss.mean": {
            "value": 0.2835193215619159,
            "min": 0.005277826089607446,
            "max": 0.28923188280358136,
            "count": 37
        },
        "MovingBrainSac.Losses.Q2Loss.sum": {
            "value": 298.54584560469743,
            "min": 5.304215220055483,
            "max": 298.54584560469743,
            "count": 37
        },
        "MovingBrainSac.Policy.ContinuousEntropyCoeff.mean": {
            "value": 0.006561508130447584,
            "min": 0.005594013034918735,
            "max": 0.8863434658054787,
            "count": 37
        },
        "MovingBrainSac.Policy.ContinuousEntropyCoeff.sum": {
            "value": 6.909268061361306,
            "min": 5.5518445374493215,
            "max": 777.3232195114049,
            "count": 37
        },
        "MovingBrainSac.Policy.LearningRate.mean": {
            "value": 0.00022703213239480538,
            "min": 0.00022703213239480538,
            "max": 0.0002988167969736485,
            "count": 37
        },
        "MovingBrainSac.Policy.LearningRate.sum": {
            "value": 0.23906483541173007,
            "min": 0.21968582207139992,
            "max": 0.30333960218680234,
            "count": 37
        },
        "MovingBrainSac.Environment.EpisodeLength.mean": {
            "value": 251.38095238095238,
            "min": 213.0144927536232,
            "max": 999.0,
            "count": 37
        },
        "MovingBrainSac.Environment.EpisodeLength.sum": {
            "value": 10558.0,
            "min": 5474.0,
            "max": 15984.0,
            "count": 37
        },
        "MovingBrainSac.Environment.CumulativeReward.mean": {
            "value": 36.83658530435911,
            "min": 0.06874995306134224,
            "max": 54.93846113406695,
            "count": 37
        },
        "MovingBrainSac.Environment.CumulativeReward.sum": {
            "value": 1510.2999974787235,
            "min": 0.5499996244907379,
            "max": 1510.2999974787235,
            "count": 37
        },
        "MovingBrainSac.Policy.ExtrinsicReward.mean": {
            "value": 36.83658530435911,
            "min": 0.06874995306134224,
            "max": 54.93846113406695,
            "count": 37
        },
        "MovingBrainSac.Policy.ExtrinsicReward.sum": {
            "value": 1510.2999974787235,
            "min": 0.5499996244907379,
            "max": 1510.2999974787235,
            "count": 37
        },
        "MovingBrainSac.IsTraining.mean": {
            "value": 1.0,
            "min": 1.0,
            "max": 1.0,
            "count": 37
        },
        "MovingBrainSac.IsTraining.sum": {
            "value": 1.0,
            "min": 1.0,
            "max": 1.0,
            "count": 37
        }
    },
    "metadata": {
        "timer_format_version": "0.1.0",
        "start_time_seconds": "1626017391",
        "python_version": "3.8.6 (tags/v3.8.6:db45529, Sep 23 2020, 15:52:53) [MSC v.1927 64 bit (AMD64)]",
        "command_line_arguments": "D:\\ProgettoTesi\\Tesi\\venv\\Scripts\\mlagents-learn config/MovingBrainSac.yaml --run-id=MovBrnSacOnePoint",
        "mlagents_version": "0.25.0",
        "mlagents_envs_version": "0.25.0",
        "communication_protocol_version": "1.5.0",
        "pytorch_version": "1.7.1+cu110",
        "numpy_version": "1.20.2",
        "end_time_seconds": "1626018380"
    },
    "total": 989.2563374,
    "count": 1,
    "self": 0.0071020999999973355,
    "children": {
        "run_training.setup": {
            "total": 0.10255150000000013,
            "count": 1,
            "self": 0.10255150000000013
        },
        "TrainerController.start_learning": {
            "total": 989.1466838,
            "count": 1,
            "self": 2.081521699999257,
            "children": {
                "TrainerController._reset_env": {
                    "total": 7.4309897,
                    "count": 1,
                    "self": 7.4309897
                },
                "TrainerController.advance": {
                    "total": 979.4437919000006,
                    "count": 47037,
                    "self": 0.5561978000101817,
                    "children": {
                        "env_step": {
                            "total": 978.8875940999905,
                            "count": 47037,
                            "self": 836.9159315999807,
                            "children": {
                                "SubprocessEnvManager._take_step": {
                                    "total": 141.4021213000083,
                                    "count": 47037,
                                    "self": 2.643293000009777,
                                    "children": {
                                        "TorchPolicy.evaluate": {
                                            "total": 138.75882829999853,
                                            "count": 46504,
                                            "self": 30.608947399998115,
                                            "children": {
                                                "TorchPolicy.sample_actions": {
                                                    "total": 108.14988090000041,
                                                    "count": 46504,
                                                    "self": 108.14988090000041
                                                }
                                            }
                                        }
                                    }
                                },
                                "workers": {
                                    "total": 0.5695412000014439,
                                    "count": 47036,
                                    "self": 0.0,