{
    "name": "root",
    "metadata": {
        "timer_format_version": "0.1.0",
        "start_time_seconds": "1625319222",
        "python_version": "3.8.6 (tags/v3.8.6:db45529, Sep 23 2020, 15:52:53) [MSC v.1927 64 bit (AMD64)]",
        "command_line_arguments": "D:\\ProgettoTesi\\Tesi\\venv\\Scripts\\mlagents-learn --run-id=TestMov26",
        "mlagents_version": "0.25.0",
        "mlagents_envs_version": "0.25.0",
        "communication_protocol_version": "1.5.0",
        "pytorch_version": "1.7.1+cu110",
        "numpy_version": "1.20.2",
        "end_time_seconds": "1625319234"
    },
    "total": 11.739051,
    "count": 1,
    "self": 0.004482700000000506,
    "children": {
        "run_training.setup": {
            "total": 0.03154319999999999,
            "count": 1,
            "self": 0.03154319999999999
        },
        "TrainerController.start_learning": {
            "total": 11.7030251,
            "count": 1,
            "self": 0.017838899999999214,
            "children": {
                "TrainerController._reset_env": {
                    "total": 7.4567231,
                    "count": 1,
                    "self": 7.4567231
                },
                "TrainerController.advance": {
                    "total": 4.1313406000000015,
                    "count": 421,
                    "self": 0.00443829999997547,
                    "children": {
                        "env_step": {
                            "total": 4.126902300000026,
                            "count": 421,
                            "self": 3.1826886000000147,
                            "children": {
                                "SubprocessEnvManager._take_step": {
                                    "total": 0.9400621999999714,
                                    "count": 421,
                                    "self": 0.02143939999998601,
                                    "children": {
                                        "TorchPolicy.evaluate": {
                                            "total": 0.9186227999999854,
                                            "count": 421,
                                            "self": 0.2969735,
                                            "children": {
                                                "TorchPolicy.sample_actions": {
                                                    "total": 0.6216492999999854,
                                                    "count": 421,
                                                    "self": 0.6216492999999854
                                                }
                                            }
                                        }
                                    }
                                },
                                "workers": {
                                    "total": 0.004151500000039832,
                                    "count": 420,
                                    "self": 0.0,
                                    "children": {
                                        "worker_root": {
                                            "total": 5.711015599999994,
                                            "count": 420,
                                            "is_parallel": true,
                                            "self": 2.9073052000000006,
                                            "children": {
                                                "steps_from_proto": {
                                                    "total": 0.00023399999999984544,
                                                    "count": 1,
                                                    "is_parallel": true,
                                                    "self": 0.0001011999999995794,
                                                    "children": {
                                                        "_process_rank_one_or_two_observation": {
                                                            "total": 0.00013280000000026604,
                                                            "count": 2,
                                                            "is_parallel": true,
                                                            "self": 0.00013280000000026604
                                                        }
                                                    }
                                                },
                                                "UnityEnvironment.step": {
                                                    "total": 2.803476399999994,
                                                    "count": 420,
                                                    "is_parallel": true,
                                                    "self": 0.022567099999973195,
                                                    "children": {
                                                        "UnityEnvironment._generate_step_input": {
                                                            "total": 0.05141689999999244,
                                                            "count": 420,
                                                            "is_parallel": true,
                                                            "self": 0.05141689999999244
                                                        },
                                                        "communicator.exchange": {
                                                            "total": 2.6533388000000278,
                                                            "count": 420,
                                                            "is_parallel": true,
                                                            "self": 2.6533388000000278
                                                        },
                                                        "steps_from_proto": {
                                                            "total": 0.07615360000000049,
                                                            "count": 420,
                                                            "is_parallel": true,
                                                            "self": 0.04097460000000286,
                                                            "children": {
                                                                "_process_rank_one_or_two_observation": {
                                                                    "total": 0.03517899999999763,
                                                                    "count": 840,
                                                                    "is_parallel": true,
                                                                    "self": 0.03517899999999763
                                                                }
                                                            }
                                                        }
                                                    }
                                                }
                                            }
                                        }
                                    }
                                }
                            }
                        }
                    }
                },
                "trainer_threads": {
                    "total": 1.7800000000178784e-05,
                    "count": 1,
                    "self": 1.7800000000178784e-05,
                    "children": {
                        "thread_root": {
                            "total": 0.0,
                            "count": 0,
                            "is_parallel": true,
                            "self": 0.0,
                            "children": {
                                "trainer_advance": {
                                    "total": 4.14466680000003,
                                    "count": 274,