{"count":1,"self":29.006262399999997,"total":29.021275199999998,"children":{"AgentSendState":{"count":9,"self":0.0039851999999999995,"total":0.0079997,"children":{"CollectObservations":{"count":9,"self":0.0029936999999999997,"total":0.0029936999999999997,"children":null},"CollectDiscreteActionMasks":{"count":9,"self":0.0010207999999999999,"total":0.0010207999999999999,"children":null}}},"DecideAction":{"count":9,"self":0.0030215999999999997,"total":0.0030215999999999997,"children":null},"AgentAct":{"count":9,"self":0.0029917,"total":0.0029917,"children":null}},"gauges":{},"metadata":{"timer_format_version":"0.1.0","start_time_seconds":"1622041898","unity_version":"2020.2.2f1","command_line_arguments":"C:\\Program Files\\Unity\\Hub\\Editor\\2020.2.2f1\\Editor\\Unity.exe -projectpath D:\/ProgettoTesi\/Tesi -useHub -hubIPC -cloudEnvironment production -hubSessionId 55d8a8d0-bdfd-11eb-8ae5-45bf9f90b0b0 -accessToken X_KjaAmxT8hbSDh3tjf8MMCVvYt-oh55XZSobty643o006f","communication_protocol_version":"1.0.0","com.unity.ml-agents_version":"1.0.7","scene_name":"Main","end_time_seconds":"1622041927"}}