{"count":1,"self":14475.4049024,"total":15949.0737326,"children":{"AgentSendState":{"count":192294,"self":3.8935288,"total":98.2531612,"children":{"CollectObservations":{"count":192294,"self":1.9810808,"total":1.9810807,"children":null},"CollectDiscreteActionMasks":{"count":192294,"self":65.6155264,"total":65.6155253,"children":null},"AgentInfo.ToProto":{"count":192294,"self":1.4604032,"total":26.7630263,"children":{"GenerateSensorData":{"count":192294,"self":25.3026224,"total":25.302623099999998,"children":null}}}}},"DecideAction":{"count":192294,"self":1224.0395263999999,"total":1224.0395081,"children":null},"AgentAct":{"count":192294,"self":149.4381056,"total":149.43811119999998,"children":null},"AgentInfo.ToProto":{"count":7754,"self":0.079718299999999992,"total":1.9376647999999999,"children":{"GenerateSensorData":{"count":7754,"self":1.8579463999999999,"total":1.8579465,"children":null}}}},"gauges":{"BossCombact.CumulativeReward":{"count":7754,"max":4.77,"min":-12.3599968,"runningAverage":-1.27538848,"value":-6.18000031,"weightedAverage":-1.69595146}},"metadata":{"timer_format_version":"0.1.0","start_time_seconds":"1621875469","unity_version":"2020.2.2f1","command_line_arguments":"C:\\Program Files\\Unity\\Hub\\Editor\\2020.2.2f1\\Editor\\Unity.exe -projectpath D:\/ProgettoTesi\/Tesi -useHub -hubIPC -cloudEnvironment production -hubSessionId 11371070-bca1-11eb-a29c-45d750ea293e -accessToken G59uUxASalMFaXXyTaaF6HMUZP_pDcoOVcJOZJAOQQ4006f","communication_protocol_version":"1.0.0","com.unity.ml-agents_version":"1.0.7","scene_name":"Main","end_time_seconds":"1621891418"}}