{"count":1,"self":23712.4943872,"total":25711.7102718,"children":{"AgentSendState":{"count":321602,"self":5.9579623999999995,"total":123.0887284,"children":{"CollectObservations":{"count":321602,"self":1.9484012,"total":1.9484010999999999,"children":null},"CollectDiscreteActionMasks":{"count":321602,"self":55.8651712,"total":55.8651695,"children":null},"AgentInfo.ToProto":{"count":321602,"self":2.1720512,"total":59.3171956,"children":{"GenerateSensorData":{"count":321602,"self":57.1451456,"total":57.1451444,"children":null}}}}},"DecideAction":{"count":321602,"self":1784.9176063999998,"total":1784.9176771999998,"children":null},"AgentAct":{"count":321602,"self":86.246444799999992,"total":86.2464461,"children":null},"AgentInfo.ToProto":{"count":15994,"self":0.18168679999999998,"total":4.9613290999999995,"children":{"GenerateSensorData":{"count":15994,"self":4.7796424,"total":4.7796423,"children":null}}}},"gauges":{"BossCombact.CumulativeReward":{"count":15994,"max":34,"min":-6.5,"runningAverage":16.957756,"value":24,"weightedAverage":19.7546177}},"metadata":{"timer_format_version":"0.1.0","start_time_seconds":"1622384335","unity_version":"2020.2.2f1","command_line_arguments":"C:\\Program Files\\Unity\\Hub\\Editor\\2020.2.2f1\\Editor\\Unity.exe -projectpath D:\/ProgettoTesi\/Tesi -useHub -hubIPC -cloudEnvironment production -hubSessionId f8361eb0-c121-11eb-a867-cba1d92c9a43 -accessToken 1z8YfW86XBfv9c0eyXNx6waBPu7hpeIZE-N75nn_dSg006f","communication_protocol_version":"1.0.0","com.unity.ml-agents_version":"1.0.7","scene_name":"Main","end_time_seconds":"1622410047"}}