{"count":1,"self":34636.968755199996,"total":38055.214583199995,"children":{"AgentSendState":{"count":431012,"self":12.5709232,"total":421.46699909999995,"children":{"CollectObservations":{"count":851401,"self":199.1417856,"total":199.1417895,"children":null},"CollectDiscreteActionMasks":{"count":851401,"self":126.32659199999999,"total":126.3265861,"children":null},"AgentInfo.ToProto":{"count":420389,"self":3.2155967999999997,"total":83.4277007,"children":{"GenerateSensorData":{"count":420389,"self":80.212102399999992,"total":80.2121038,"children":null}}}}},"DecideAction":{"count":431012,"self":2727.5302911999997,"total":2727.530291,"children":null},"AgentAct":{"count":431012,"self":266.0476928,"total":266.0476878,"children":null},"AgentInfo.ToProto":{"count":10622,"self":0.10612139999999999,"total":3.2003996999999997,"children":{"GenerateSensorData":{"count":10622,"self":3.0942784,"total":3.0942783,"children":null}}}},"gauges":{"AttackBehavior.CumulativeReward":{"count":10622,"max":111.5,"min":-14,"runningAverage":26.1844864,"value":28,"weightedAverage":29.5057526},"TargetChooser.CumulativeReward":{"count":10622,"max":134,"min":-20.5,"runningAverage":35.3188934,"value":31,"weightedAverage":34.3924637}},"metadata":{"timer_format_version":"0.1.0","start_time_seconds":"1623226334","unity_version":"2020.2.2f1","command_line_arguments":"C:\\Program Files\\Unity\\Hub\\Editor\\2020.2.2f1\\Editor\\Unity.exe -projectpath D:\/ProgettoTesi\/Tesi -useHub -hubIPC -cloudEnvironment production -hubSessionId 15a14ff0-c8f8-11eb-9dc9-874c2f706c54 -accessToken FOLuvdqEdSdG5ZKM1F0Uq9_kdeiFZz9A4MMbJOhESGE006f","communication_protocol_version":"1.0.0","com.unity.ml-agents_version":"1.0.7","scene_name":"Main","end_time_seconds":"1623264389"}}