{"count":1,"self":46.255859199999996,"total":46.2898156,"children":{"AgentSendState":{"count":18,"self":0.0060497,"total":0.013056499999999999,"children":{"CollectObservations":{"count":18,"self":0.0030126999999999997,"total":0.0030126999999999997,"children":null},"CollectDiscreteActionMasks":{"count":18,"self":0.0039940999999999996,"total":0.0039940999999999996,"children":null}}},"DecideAction":{"count":18,"self":0.005946,"total":0.005946,"children":null},"AgentAct":{"count":18,"self":0.013955799999999999,"total":0.013955799999999999,"children":null}},"gauges":{"BossCombact.CumulativeReward":{"count":1,"max":3.85000014,"min":3.85000014,"runningAverage":3.85000014,"value":3.85000014,"weightedAverage":3.85000014}},"metadata":{"timer_format_version":"0.1.0","start_time_seconds":"1622109991","unity_version":"2020.2.2f1","command_line_arguments":"C:\\Program Files\\Unity\\Hub\\Editor\\2020.2.2f1\\Editor\\Unity.exe -projectpath D:\/ProgettoTesi\/Tesi -useHub -hubIPC -cloudEnvironment production -hubSessionId 770dedb0-bebd-11eb-82b3-4301e4fcd594 -accessToken 2TWMaIVJrF7_rB1niZ5GEzGzD5GZ6ifp4nXaCFvnbZ4006f","communication_protocol_version":"1.0.0","com.unity.ml-agents_version":"1.0.7","scene_name":"Main","end_time_seconds":"1622110037"}}