{"count":1,"self":225.4464256,"total":245.8384561,"children":{"AgentSendState":{"count":2478,"self":0.0608386,"total":1.2367036999999999,"children":{"CollectObservations":{"count":2478,"self":0.028917799999999997,"total":0.028917799999999997,"children":null},"CollectDiscreteActionMasks":{"count":2478,"self":0.80605019999999994,"total":0.80605019999999994,"children":null},"AgentInfo.ToProto":{"count":2478,"self":0.0199469,"total":0.3408971,"children":{"GenerateSensorData":{"count":2478,"self":0.32095019999999996,"total":0.32095019999999996,"children":null}}}}},"DecideAction":{"count":2478,"self":17.1435232,"total":17.1435231,"children":null},"AgentAct":{"count":2478,"self":1.9858015999999998,"total":1.9858017,"children":null},"AgentInfo.ToProto":{"count":92,"self":0,"total":0.025990799999999998,"children":{"GenerateSensorData":{"count":92,"self":0.025990799999999998,"total":0.025990799999999998,"children":null}}}},"gauges":{"BossCombact.CumulativeReward":{"count":92,"max":2.03,"min":-7.599996,"runningAverage":-3.18749952,"value":-2.40000033,"weightedAverage":-2.64625716}},"metadata":{"timer_format_version":"0.1.0","start_time_seconds":"1621593490","unity_version":"2020.2.2f1","command_line_arguments":"C:\\Program Files\\Unity\\Hub\\Editor\\2020.2.2f1\\Editor\\Unity.exe -projectpath D:\/ProgettoTesi\/Tesi -useHub -hubIPC -cloudEnvironment production -hubSessionId e6274e60-ba14-11eb-a43d-7fb6ba1bce25 -accessToken 7A5P6zqTqab0dfyy0Y35wlqCiBkos2yP9HvtjaM6Y-c006f","communication_protocol_version":"1.0.0","com.unity.ml-agents_version":"1.0.7","scene_name":"Main","end_time_seconds":"1621593736"}}