{"count":1,"self":270.279424,"total":1120.4927868,"children":{"AgentSendState":{"count":410167,"self":6.5838752,"total":112.11561999999999,"children":{"CollectObservations":{"count":656272,"self":99.058944,"total":99.0589419,"children":null},"CollectDiscreteActionMasks":{"count":656272,"self":0.61964219999999992,"total":0.61964219999999992,"children":null},"AgentInfo.ToProto":{"count":656272,"self":2.2287144,"total":5.8531607,"children":{"GenerateSensorData":{"count":656272,"self":3.6244463999999996,"total":3.6244462,"children":null}}}}},"DecideAction":{"count":410167,"self":727.8940672,"total":727.8940648,"children":null},"AgentAct":{"count":410167,"self":10.1431496,"total":10.1441504,"children":{"AgentInfo.ToProto":{"count":78,"self":0,"total":0.0010004999999999999,"children":{"GenerateSensorData":{"count":78,"self":0.0010004999999999999,"total":0.0010004999999999999,"children":null}}}}},"AgentInfo.ToProto":{"count":3639,"self":0.0252674,"total":0.0585587,"children":{"GenerateSensorData":{"count":3639,"self":0.033291299999999996,"total":0.033291299999999996,"children":null}}}},"gauges":{"MovingBrain.CumulativeReward":{"count":3717,"max":27.399868,"min":-17.350029,"runningAverage":14.7420816,"value":18.0000267,"weightedAverage":15.91185}},"metadata":{"timer_format_version":"0.1.0","start_time_seconds":"1625591224","unity_version":"2020.2.2f1","command_line_arguments":"C:\\Program Files\\Unity\\Hub\\Editor\\2020.2.2f1\\Editor\\Unity.exe -projectpath D:\/ProgettoTesi\/Tesi -useHub -hubIPC -cloudEnvironment production -hubSessionId 4537fbc0-de32-11eb-a5be-b96a6ab4d186 -accessToken noM3hF1lO2fYaTtxLfo_z3Dvz8bXlmtw_rXNFnzzG5g006f","communication_protocol_version":"1.0.0","com.unity.ml-agents_version":"1.0.7","scene_name":"MovingTraining","end_time_seconds":"1625592345"}}