{
    "name": "root",
    "metadata": {
        "timer_format_version": "0.1.0",
        "start_time_seconds": "1622211248",
        "python_version": "3.8.6 (tags/v3.8.6:db45529, Sep 23 2020, 15:52:53) [MSC v.1927 64 bit (AMD64)]",
        "command_line_arguments": "D:\\ProgettoTesi\\Tesi\\venv\\Scripts\\mlagents-learn --run-id=Test2",
        "mlagents_version": "0.25.0",
        "mlagents_envs_version": "0.25.0",
        "communication_protocol_version": "1.5.0",
        "pytorch_version": "1.7.1+cu110",
        "numpy_version": "1.20.2",
        "end_time_seconds": "1622211367"
    },
    "total": 118.63965950000001,
    "count": 1,
    "self": 0.03138810000000092,
    "children": {
        "run_training.setup": {
            "total": 0.10363129999999998,
            "count": 1,
            "self": 0.10363129999999998
        },
        "TrainerController.start_learning": {
            "total": 118.5046401,
            "count": 1,
            "self": 0.060148999999938724,
            "children": {
                "TrainerController._reset_env": {
                    "total": 29.303113099999997,
                    "count": 1,
                    "self": 29.303113099999997
                },
                "TrainerController.advance": {
                    "total": 87.99130790000007,
                    "count": 2250,
                    "self": 0.02229940000036379,
                    "children": {
                        "env_step": {
                            "total": 87.9690084999997,
                            "count": 2250,
                            "self": 78.98642669999984,
                            "children": {
                                "SubprocessEnvManager._take_step": {
                                    "total": 8.95862829999983,
                                    "count": 2250,
                                    "self": 0.1010064000000952,
                                    "children": {
                                        "TorchPolicy.evaluate": {
                                            "total": 8.857621899999735,
                                            "count": 2250,
                                            "self": 2.095927499999945,
                                            "children": {
                                                "TorchPolicy.sample_actions": {
                                                    "total": 6.76169439999979,
                                                    "count": 2250,
                                                    "self": 6.76169439999979
                                                }
                                            }
                                        }
                                    }
                                },
                                "workers": {
                                    "total": 0.023953500000033046,
                                    "count": 2249,
                                    "self": 0.0,
                                    "children": {
                                        "worker_root": {
                                            "total": 101.72991780000008,
                                            "count": 2249,
                                            "is_parallel": true,
                                            "self": 24.9683445,
                                            "children": {
                                                "steps_from_proto": {
                                                    "total": 0.0350274000000006,
                                                    "count": 1,
                                                    "is_parallel": true,
                                                    "self": 0.0021160000000026713,
                                                    "children": {
                                                        "_process_rank_one_or_two_observation": {
                                                            "total": 0.032911399999997926,
                                                            "count": 2,
                                                            "is_parallel": true,
                                                            "self": 0.032911399999997926
                                                        }
                                                    }
                                                },
                                                "UnityEnvironment.step": {
                                                    "total": 76.72654590000008,
                                                    "count": 2249,
                                                    "is_parallel": true,
                                                    "self": 0.1403918999998126,
                                                    "children": {
                                                        "UnityEnvironment._generate_step_input": {
                                                            "total": 0.5146887000001854,
                                                            "count": 2249,
                                                            "is_parallel": true,
                                                            "self": 0.5146887000001854
                                                        },
                                                        "communicator.exchange": {
                                                            "total": 75.32751790000007,
                                                            "count": 2249,
                                                            "is_parallel": true,
                                                            "self": 75.32751790000007
                                                        },
                                                        "steps_from_proto": {
                                                            "total": 0.7439474000000104,
                                                            "count": 2249,
                                                            "is_parallel": true,
                                                            "self": 0.44435509999941303,
                                                            "children": {
                                                                "_process_rank_one_or_two_observation": {
                                                                    "total": 0.29959230000059733,
                                                                    "count": 4498,
                                                                    "is_parallel": true,
                                                                    "self": 0.29959230000059733
                                                                }
                                                            }
                                                        }
                                                    }
                                                }
                                            }
                                        }
                                    }
                                }
                            }
                        }
                    }
                },
                "trainer_threads": {
                    "total": 1.4000000007285962e-05,
                    "count": 1,
                    "self": 1.4000000007285962e-05,
                    "children": {
                        "thread_root": {
                            "total": 0.0,
                            "count": 0,
                            "is_parallel": true,
                            "self": 0.0,
                            "children": {
                                "trainer_advance": {
                                    "total": 87.93954229999945,