{"cameraMode":{"drawMode":0,"name":"Shaded","section":"Shading Mode"},"sceneLighting":true,"audioPlay":false,"sceneViewState":{"m_AlwaysRefresh":false,"showFog":true,"showSkybox":true,"showFlares":true,"showImageEffects":true,"showParticleSystems":true,"showVisualEffectGraphs":true,"m_FxEnabled":true},"in2DMode":false,"pivot":{"x":5.0064263343811039,"y":7.030173301696777,"z":14.852739334106446},"rotation":{"x":0.30485066771507265,"y":-0.03150509297847748,"z":0.010177715681493283,"w":0.9519935846328735},"size":26.86029624938965,"orthographic":false}