{"cameraMode":{"drawMode":0,"name":"Shaded","section":"Shading Mode"},"sceneLighting":true,"audioPlay":false,"sceneViewState":{"m_AlwaysRefresh":false,"showFog":true,"showSkybox":true,"showFlares":true,"showImageEffects":true,"showParticleSystems":true,"showVisualEffectGraphs":true,"m_FxEnabled":true},"in2DMode":false,"pivot":{"x":0.8207997679710388,"y":4.062807083129883,"z":17.33346939086914},"rotation":{"x":0.07741241902112961,"y":-0.2060709297657013,"z":0.016395002603530885,"w":0.9753640294075012},"size":7.202126979827881,"orthographic":false}