{"cameraMode":{"drawMode":0,"name":"Shaded","section":"Shading Mode"},"sceneLighting":true,"audioPlay":false,"sceneViewState":{"m_AlwaysRefresh":false,"showFog":true,"showSkybox":true,"showFlares":true,"showImageEffects":true,"showParticleSystems":true,"showVisualEffectGraphs":true,"m_FxEnabled":true},"in2DMode":false,"pivot":{"x":-5.868512153625488,"y":22.222213745117189,"z":6.62144660949707},"rotation":{"x":0.10479860752820969,"y":-0.030624259263277055,"z":0.0028820654843002559,"w":0.9942605495452881},"size":52.68689727783203,"orthographic":false}