{"cameraMode":{"drawMode":0,"name":"Shaded","section":"Shading Mode"},"sceneLighting":true,"audioPlay":false,"sceneViewState":{"m_AlwaysRefresh":false,"showFog":true,"showSkybox":true,"showFlares":true,"showImageEffects":true,"showParticleSystems":true,"showVisualEffectGraphs":true,"m_FxEnabled":true},"in2DMode":false,"pivot":{"x":-17.99638557434082,"y":-2.1955766677856447,"z":26.030765533447267},"rotation":{"x":0.23369722068309785,"y":0.004902275279164314,"z":-0.0007196959340944886,"w":0.972614049911499},"size":60.90669250488281,"orthographic":false}