{"cameraMode":{"drawMode":0,"name":"Shaded","section":"Shading Mode"},"sceneLighting":true,"audioPlay":false,"sceneViewState":{"m_AlwaysRefresh":false,"showFog":true,"showSkybox":true,"showFlares":true,"showImageEffects":true,"showParticleSystems":true,"showVisualEffectGraphs":true,"m_FxEnabled":true},"in2DMode":false,"pivot":{"x":8.74599552154541,"y":2.6244678497314455,"z":57.559051513671878},"rotation":{"x":0.1586769074201584,"y":-0.005417182110249996,"z":0.0013726105680689216,"w":0.9876331090927124},"size":50.9588623046875,"orthographic":false}