{"cameraMode":{"drawMode":0,"name":"Shaded","section":"Shading Mode"},"sceneLighting":true,"audioPlay":false,"sceneViewState":{"m_AlwaysRefresh":false,"showFog":true,"showSkybox":true,"showFlares":true,"showImageEffects":true,"showParticleSystems":true,"showVisualEffectGraphs":true,"m_FxEnabled":true},"in2DMode":false,"pivot":{"x":16.789735794067384,"y":41.99776077270508,"z":-65.99240112304688},"rotation":{"x":0.3084459900856018,"y":-0.008751333691179753,"z":0.0026955613866448404,"w":0.9514055848121643},"size":24.858806610107423,"orthographic":false}