{"cameraMode":{"drawMode":0,"name":"Shaded","section":"Shading Mode"},"sceneLighting":true,"audioPlay":false,"sceneViewState":{"m_AlwaysRefresh":false,"showFog":true,"showSkybox":true,"showFlares":true,"showImageEffects":true,"showParticleSystems":true,"showVisualEffectGraphs":true,"m_FxEnabled":true},"in2DMode":false,"pivot":{"x":-38.506656646728519,"y":3.926144599914551,"z":21.343780517578126},"rotation":{"x":0.4105229079723358,"y":-0.06832749396562576,"z":0.03116445243358612,"w":0.9090418815612793},"size":62.55024719238281,"orthographic":false}