{"cameraMode":{"drawMode":0,"name":"Shaded","section":"Shading Mode"},"sceneLighting":true,"audioPlay":false,"sceneViewState":{"m_AlwaysRefresh":false,"showFog":true,"showSkybox":true,"showFlares":true,"showImageEffects":true,"showParticleSystems":true,"showVisualEffectGraphs":true,"m_FxEnabled":true},"in2DMode":false,"pivot":{"x":1.4525023698806763,"y":14.647123336791993,"z":-31.702980041503908},"rotation":{"x":0.17168563604354859,"y":-0.007588351145386696,"z":0.0010370031232014299,"w":0.9853314161300659},"size":24.023433685302736,"orthographic":false}