{"cameraMode":{"drawMode":0,"name":"Shaded","section":"Shading Mode"},"sceneLighting":true,"audioPlay":false,"sceneViewState":{"m_AlwaysRefresh":false,"showFog":true,"showSkybox":true,"showFlares":true,"showImageEffects":true,"showParticleSystems":true,"showVisualEffectGraphs":true,"m_FxEnabled":true},"in2DMode":false,"pivot":{"x":2.220763683319092,"y":6.388652801513672,"z":10.668279647827149},"rotation":{"x":0.16298583149909974,"y":-0.09014531970024109,"z":0.014970780350267887,"w":0.9824026226997376},"size":59.85236740112305,"orthographic":false}