{"cameraMode":{"drawMode":0,"name":"Shaded","section":"Shading Mode"},"sceneLighting":true,"audioPlay":false,"sceneViewState":{"m_AlwaysRefresh":false,"showFog":true,"showSkybox":true,"showFlares":true,"showImageEffects":true,"showParticleSystems":true,"showVisualEffectGraphs":true,"m_FxEnabled":true},"in2DMode":false,"pivot":{"x":668.2174072265625,"y":65.06328582763672,"z":18.448440551757814},"rotation":{"x":0.48956257104873659,"y":-0.009359730407595635,"z":0.00509629538282752,"w":0.8721299171447754},"size":349.0081787109375,"orthographic":false}