{"cameraMode":{"drawMode":0,"name":"Shaded","section":"Shading Mode"},"sceneLighting":true,"audioPlay":false,"sceneViewState":{"m_AlwaysRefresh":false,"showFog":true,"showSkybox":true,"showFlares":true,"showImageEffects":true,"showParticleSystems":true,"showVisualEffectGraphs":true,"m_FxEnabled":true},"in2DMode":false,"pivot":{"x":3.187925338745117,"y":2.8184072971343996,"z":12.753284454345704},"rotation":{"x":0.18937332928180695,"y":-0.6282808780670166,"z":0.16137617826461793,"w":0.7373369932174683},"size":12.06344985961914,"orthographic":false}