{"cameraMode":{"drawMode":0,"name":"Shaded","section":"Shading Mode"},"sceneLighting":true,"audioPlay":false,"sceneViewState":{"m_AlwaysRefresh":false,"showFog":true,"showSkybox":true,"showFlares":true,"showImageEffects":true,"showParticleSystems":true,"showVisualEffectGraphs":true,"m_FxEnabled":true},"in2DMode":false,"pivot":{"x":25.17038345336914,"y":-6.319664001464844,"z":37.73896789550781},"rotation":{"x":0.45247694849967959,"y":-0.07026704400777817,"z":0.036133237183094028,"w":0.888604998588562},"size":57.893436431884769,"orthographic":false}