{"cameraMode":{"drawMode":0,"name":"Shaded","section":"Shading Mode"},"sceneLighting":true,"audioPlay":false,"sceneViewState":{"m_AlwaysRefresh":false,"showFog":true,"showSkybox":true,"showFlares":true,"showImageEffects":true,"showParticleSystems":true,"showVisualEffectGraphs":true,"m_FxEnabled":true},"in2DMode":false,"pivot":{"x":-4.161277770996094,"y":-38.35653305053711,"z":81.30575561523438},"rotation":{"x":0.21583878993988038,"y":0.006520099006593227,"z":-0.0017567506292834879,"w":0.9766463041305542},"size":76.43800354003906,"orthographic":false}