{"cameraMode":{"drawMode":0,"name":"Shaded","section":"Shading Mode"},"sceneLighting":true,"audioPlay":false,"sceneViewState":{"m_AlwaysRefresh":false,"showFog":true,"showSkybox":true,"showFlares":true,"showImageEffects":true,"showParticleSystems":true,"showVisualEffectGraphs":true,"m_FxEnabled":true},"in2DMode":false,"pivot":{"x":-1.3839077949523926,"y":-3.397979736328125,"z":19.849788665771486},"rotation":{"x":0.12412259727716446,"y":-0.3631472885608673,"z":0.048953186720609668,"w":0.9222712516784668},"size":17.730880737304689,"orthographic":false}