{"cameraMode":{"drawMode":0,"name":"Shaded","section":"Shading Mode"},"sceneLighting":true,"audioPlay":false,"sceneViewState":{"m_AlwaysRefresh":false,"showFog":true,"showSkybox":true,"showFlares":true,"showImageEffects":true,"showParticleSystems":true,"showVisualEffectGraphs":true,"m_FxEnabled":true},"in2DMode":false,"pivot":{"x":38.05678939819336,"y":-22.44754981994629,"z":36.243831634521487},"rotation":{"x":0.1586769074201584,"y":-0.005417182110249996,"z":0.0013726105680689216,"w":0.9876331090927124},"size":109.91712951660156,"orthographic":false}