{"cameraMode":{"drawMode":0,"name":"Shaded","section":"Shading Mode"},"sceneLighting":true,"audioPlay":false,"sceneViewState":{"m_AlwaysRefresh":false,"showFog":true,"showSkybox":true,"showFlares":true,"showImageEffects":true,"showParticleSystems":true,"showVisualEffectGraphs":true,"m_FxEnabled":true},"in2DMode":false,"pivot":{"x":3.187925338745117,"y":2.8184072971343996,"z":12.753284454345704},"rotation":{"x":0.2005615383386612,"y":0.008991719223558903,"z":-0.001891894731670618,"w":0.9797967672348023},"size":39.23251724243164,"orthographic":false}