{"cameraMode":{"drawMode":0,"name":"Shaded","section":"Shading Mode"},"sceneLighting":true,"audioPlay":false,"sceneViewState":{"m_AlwaysRefresh":false,"showFog":true,"showSkybox":true,"showFlares":true,"showImageEffects":true,"showParticleSystems":true,"showVisualEffectGraphs":true,"m_FxEnabled":true},"in2DMode":false,"pivot":{"x":-6.121674537658691,"y":-10.261119842529297,"z":118.32882690429688},"rotation":{"x":0.10184761881828308,"y":-0.014215848408639431,"z":0.00112258514855057,"w":0.9949250221252441},"size":104.4549789428711,"orthographic":false}