{"cameraMode":{"drawMode":0,"name":"Shaded","section":"Shading Mode"},"sceneLighting":true,"audioPlay":false,"sceneViewState":{"m_AlwaysRefresh":false,"showFog":true,"showSkybox":true,"showFlares":true,"showImageEffects":true,"showParticleSystems":true,"showVisualEffectGraphs":true,"m_FxEnabled":true},"in2DMode":false,"pivot":{"x":1.9703102111816407,"y":-0.41016578674316409,"z":28.945756912231447},"rotation":{"x":0.13994789123535157,"y":-0.0059470562264323238,"z":0.0008450240129604936,"w":0.9901524186134338},"size":30.465105056762697,"orthographic":false}