{"cameraMode":{"drawMode":0,"name":"Shaded","section":"Shading Mode"},"sceneLighting":true,"audioPlay":false,"sceneViewState":{"m_AlwaysRefresh":false,"showFog":true,"showSkybox":true,"showFlares":true,"showImageEffects":true,"showParticleSystems":true,"showVisualEffectGraphs":true,"m_FxEnabled":true},"in2DMode":false,"pivot":{"x":65.2552490234375,"y":10.239420890808106,"z":35.83662414550781},"rotation":{"x":0.47805678844451907,"y":-0.05002548173069954,"z":0.027599813416600229,"w":0.8767680525779724},"size":75.19960021972656,"orthographic":false}