{"cameraMode":{"drawMode":0,"name":"Shaded","section":"Shading Mode"},"sceneLighting":true,"audioPlay":false,"sceneViewState":{"m_AlwaysRefresh":false,"showFog":true,"showSkybox":true,"showFlares":true,"showImageEffects":true,"showParticleSystems":true,"showVisualEffectGraphs":true,"m_FxEnabled":true},"in2DMode":false,"pivot":{"x":-3.5553884506225588,"y":-6.892911911010742,"z":2.506436347961426},"rotation":{"x":0.2530043423175812,"y":-0.034950871020555499,"z":0.00915988627821207,"w":0.9669780135154724},"size":39.639732360839847,"orthographic":false}