{"cameraMode":{"drawMode":0,"name":"Shaded","section":"Shading Mode"},"sceneLighting":true,"audioPlay":false,"sceneViewState":{"m_AlwaysRefresh":false,"showFog":true,"showSkybox":true,"showFlares":true,"showImageEffects":true,"showParticleSystems":true,"showVisualEffectGraphs":true,"m_FxEnabled":true},"in2DMode":false,"pivot":{"x":-1.6330888271331788,"y":2.6270952224731447,"z":11.486884117126465},"rotation":{"x":0.49190911650657656,"y":-0.14502492547035218,"z":0.08349832147359848,"w":0.8545607924461365},"size":9.692381858825684,"orthographic":false}