{"cameraMode":{"drawMode":0,"name":"Shaded","section":"Shading Mode"},"sceneLighting":true,"audioPlay":false,"sceneViewState":{"m_AlwaysRefresh":false,"showFog":true,"showSkybox":true,"showFlares":true,"showImageEffects":true,"showParticleSystems":true,"showVisualEffectGraphs":true,"m_FxEnabled":true},"in2DMode":false,"pivot":{"x":-13.96363353729248,"y":-5.95845890045166,"z":-1.9179916381835938},"rotation":{"x":0.14500246942043305,"y":-0.020077046006917955,"z":0.0027150874957442285,"w":0.9894701242446899},"size":40.93337631225586,"orthographic":false}