{"cameraMode":{"drawMode":0,"name":"Shaded","section":"Shading Mode"},"sceneLighting":true,"audioPlay":false,"sceneViewState":{"m_AlwaysRefresh":false,"showFog":true,"showSkybox":true,"showFlares":true,"showImageEffects":true,"showParticleSystems":true,"showVisualEffectGraphs":true,"m_FxEnabled":true},"in2DMode":false,"pivot":{"x":7.837736129760742,"y":7.223833084106445,"z":19.357742309570314},"rotation":{"x":0.2111310064792633,"y":0.00312388245947659,"z":-0.0006744572892785072,"w":0.9775698184967041},"size":10.663844108581543,"orthographic":false}