{"cameraMode":{"drawMode":0,"name":"Shaded","section":"Shading Mode"},"sceneLighting":true,"audioPlay":false,"sceneViewState":{"m_AlwaysRefresh":false,"showFog":true,"showSkybox":true,"showFlares":true,"showImageEffects":true,"showParticleSystems":true,"showVisualEffectGraphs":true,"m_FxEnabled":true},"in2DMode":false,"pivot":{"x":3.187925338745117,"y":2.8184072971343996,"z":12.753284454345704},"rotation":{"x":0.07942617684602738,"y":-0.5688071846961975,"z":0.05528206750750542,"w":0.8169426918029785},"size":13.91468334197998,"orthographic":false}