{"cameraMode":{"drawMode":0,"name":"Shaded","section":"Shading Mode"},"sceneLighting":true,"audioPlay":false,"sceneViewState":{"m_AlwaysRefresh":false,"showFog":true,"showSkybox":true,"showFlares":true,"showImageEffects":true,"showParticleSystems":true,"showVisualEffectGraphs":true,"m_FxEnabled":true},"in2DMode":false,"pivot":{"x":8.59937858581543,"y":13.447076797485352,"z":38.034027099609378},"rotation":{"x":0.24359236657619477,"y":-0.004102181177586317,"z":0.0015845097368583084,"w":0.9701484441757202},"size":66.9502182006836,"orthographic":false}