{"cameraMode":{"drawMode":0,"name":"Shaded","section":"Shading Mode"},"sceneLighting":true,"audioPlay":false,"sceneViewState":{"m_AlwaysRefresh":false,"showFog":true,"showSkybox":true,"showFlares":true,"showImageEffects":true,"showParticleSystems":true,"showVisualEffectGraphs":true,"m_FxEnabled":true},"in2DMode":false,"pivot":{"x":3.187925338745117,"y":2.8184072971343996,"z":12.753284454345704},"rotation":{"x":0.04558873549103737,"y":0.31196171045303347,"z":-0.015013516880571843,"w":0.9490446448326111},"size":25.494613647460939,"orthographic":false}