{"cameraMode":{"drawMode":0,"name":"Shaded","section":"Shading Mode"},"sceneLighting":true,"audioPlay":false,"sceneViewState":{"m_AlwaysRefresh":false,"showFog":true,"showSkybox":true,"showFlares":true,"showImageEffects":true,"showParticleSystems":true,"showVisualEffectGraphs":true,"m_FxEnabled":true},"in2DMode":false,"pivot":{"x":-11.655330657958985,"y":-63.450096130371097,"z":67.41294860839844},"rotation":{"x":0.2667757570743561,"y":-0.013818946667015553,"z":0.0035243413876742126,"w":0.9638909101486206},"size":116.26870727539063,"orthographic":false}