{"cameraMode":{"drawMode":0,"name":"Shaded","section":"Shading Mode"},"sceneLighting":true,"audioPlay":false,"sceneViewState":{"m_AlwaysRefresh":false,"showFog":true,"showSkybox":true,"showFlares":true,"showImageEffects":true,"showParticleSystems":true,"showVisualEffectGraphs":true,"m_FxEnabled":true},"in2DMode":false,"pivot":{"x":56.670738220214847,"y":3.9742910861968996,"z":10.77994155883789},"rotation":{"x":0.208512544631958,"y":0.010504065081477166,"z":-0.0018331960309296847,"w":0.9782367944717407},"size":41.49453353881836,"orthographic":false}