{"cameraMode":{"drawMode":0,"name":"Shaded","section":"Shading Mode"},"sceneLighting":true,"audioPlay":false,"sceneViewState":{"m_AlwaysRefresh":false,"showFog":true,"showSkybox":true,"showFlares":true,"showImageEffects":true,"showParticleSystems":true,"showVisualEffectGraphs":true,"m_FxEnabled":true},"in2DMode":false,"pivot":{"x":3.9164323806762697,"y":12.993379592895508,"z":32.835235595703128},"rotation":{"x":0.38239315152168276,"y":0.0110832080245018,"z":-0.0045822435058653358,"w":0.923934817314148},"size":71.41735076904297,"orthographic":false}