{"cameraMode":{"drawMode":0,"name":"Shaded","section":"Shading Mode"},"sceneLighting":true,"audioPlay":false,"sceneViewState":{"m_AlwaysRefresh":false,"showFog":true,"showSkybox":true,"showFlares":true,"showImageEffects":true,"showParticleSystems":true,"showVisualEffectGraphs":true,"m_FxEnabled":true},"in2DMode":false,"pivot":{"x":1.4525023698806763,"y":14.647123336791993,"z":-31.702980041503908},"rotation":{"x":0.2143256962299347,"y":-0.022179191932082177,"z":0.004633806645870209,"w":0.9767094254493713},"size":15.387476921081543,"orthographic":false}