{"cameraMode":{"drawMode":0,"name":"Shaded","section":"Shading Mode"},"sceneLighting":true,"audioPlay":false,"sceneViewState":{"m_AlwaysRefresh":false,"showFog":true,"showSkybox":true,"showFlares":true,"showImageEffects":true,"showParticleSystems":true,"showVisualEffectGraphs":true,"m_FxEnabled":true},"in2DMode":false,"pivot":{"x":32.89707565307617,"y":-21.027618408203126,"z":14.961984634399414},"rotation":{"x":0.5463509559631348,"y":-0.0017061714315786958,"z":0.001541079138405621,"w":0.837917685508728},"size":109.3375015258789,"orthographic":false}