{
    "name": "root",
    "metadata": {
        "timer_format_version": "0.1.0",
        "start_time_seconds": "1624803424",
        "python_version": "3.8.6 (tags/v3.8.6:db45529, Sep 23 2020, 15:52:53) [MSC v.1927 64 bit (AMD64)]",
        "command_line_arguments": "D:\\ProgettoTesi\\Tesi\\venv\\Scripts\\mlagents-learn --run-id=TestMov4",
        "mlagents_version": "0.25.0",
        "mlagents_envs_version": "0.25.0",
        "communication_protocol_version": "1.5.0",
        "pytorch_version": "1.7.1+cu110",
        "numpy_version": "1.20.2",
        "end_time_seconds": "1624803483"
    },
    "total": 58.7454336,
    "count": 1,
    "self": 0.003569399999996392,
    "children": {
        "run_training.setup": {
            "total": 0.031114499999999934,
            "count": 1,
            "self": 0.031114499999999934
        },
        "TrainerController.start_learning": {
            "total": 58.7107497,
            "count": 1,
            "self": 0.009368899999969926,
            "children": {
                "TrainerController._reset_env": {
                    "total": 7.8559622000000005,
                    "count": 1,
                    "self": 7.8559622000000005
                },
                "TrainerController.advance": {
                    "total": 50.75848380000003,
                    "count": 137,
                    "self": 0.0013042000000353937,
                    "children": {
                        "env_step": {
                            "total": 50.75717959999999,
                            "count": 137,
                            "self": 50.24139039999994,
                            "children": {
                                "SubprocessEnvManager._take_step": {
                                    "total": 0.5144479000000288,
                                    "count": 137,
                                    "self": 0.006592700000023655,
                                    "children": {
                                        "TorchPolicy.evaluate": {
                                            "total": 0.5078552000000052,
                                            "count": 136,
                                            "self": 0.08954639999998903,
                                            "children": {
                                                "TorchPolicy.sample_actions": {
                                                    "total": 0.41830880000001613,
                                                    "count": 136,
                                                    "self": 0.41830880000001613
                                                }
                                            }
                                        }
                                    }
                                },
                                "workers": {
                                    "total": 0.0013413000000195296,
                                    "count": 136,
                                    "self": 0.0,
                                    "children": {
                                        "worker_root": {
                                            "total": 52.10772810000001,
                                            "count": 136,
                                            "is_parallel": true,
                                            "self": 2.022860100000031,
                                            "children": {
                                                "steps_from_proto": {
                                                    "total": 0.0002561999999999287,
                                                    "count": 1,
                                                    "is_parallel": true,
                                                    "self": 0.00010969999999943525,
                                                    "children": {
                                                        "_process_rank_one_or_two_observation": {
                                                            "total": 0.00014650000000049346,
                                                            "count": 2,
                                                            "is_parallel": true,
                                                            "self": 0.00014650000000049346
                                                        }
                                                    }
                                                },
                                                "UnityEnvironment.step": {
                                                    "total": 50.084611799999976,
                                                    "count": 136,
                                                    "is_parallel": true,
                                                    "self": 0.007348600000014471,
                                                    "children": {
                                                        "UnityEnvironment._generate_step_input": {
                                                            "total": 0.016446399999995975,
                                                            "count": 136,
                                                            "is_parallel": true,
                                                            "self": 0.016446399999995975
                                                        },
                                                        "communicator.exchange": {
                                                            "total": 50.03606039999998,
                                                            "count": 136,
                                                            "is_parallel": true,
                                                            "self": 50.03606039999998
                                                        },
                                                        "steps_from_proto": {
                                                            "total": 0.024756399999988687,
                                                            "count": 136,
                                                            "is_parallel": true,
                                                            "self": 0.013144499999979686,
                                                            "children": {
                                                                "_process_rank_one_or_two_observation": {
                                                                    "total": 0.011611900000009001,
                                                                    "count": 272,
                                                                    "is_parallel": true,
                                                                    "self": 0.011611900000009001
                                                                }
                                                            }
                                                        }
                                                    }
                                                }
                                            }
                                        }
                                    }
                                }
                            }
                        }
                    }
                },
                "trainer_threads": {
                    "total": 1.3199999997937084e-05,
                    "count": 1,
                    "self": 1.3199999997937084e-05,
                    "children": {
                        "thread_root": {
                            "total": 0.0,
                            "count": 0,
                            "is_parallel": true,
                            "self": 0.0,
                            "children": {
                                "trainer_advance": {
                                    "total": 50.70648360000003,