{
    "name": "root",
    "metadata": {
        "timer_format_version": "0.1.0",
        "start_time_seconds": "1621268711",
        "python_version": "3.8.6 (tags/v3.8.6:db45529, Sep 23 2020, 15:52:53) [MSC v.1927 64 bit (AMD64)]",
        "command_line_arguments": "D:\\ProgettoTesi\\Tesi\\venv\\Scripts\\mlagents-learn --force",
        "mlagents_version": "0.25.0",
        "mlagents_envs_version": "0.25.0",
        "communication_protocol_version": "1.5.0",
        "pytorch_version": "1.7.1+cu110",
        "numpy_version": "1.20.2",
        "end_time_seconds": "1621268746"
    },
    "total": 34.940043499999994,
    "count": 1,
    "self": 0.0077232999999949925,
    "children": {
        "run_training.setup": {
            "total": 0.04597400000000018,
            "count": 1,
            "self": 0.04597400000000018
        },
        "TrainerController.start_learning": {
            "total": 34.8863462,
            "count": 1,
            "self": 0.014956499999989603,
            "children": {
                "TrainerController._reset_env": {
                    "total": 10.9515643,
                    "count": 1,
                    "self": 10.9515643
                },
                "TrainerController.advance": {
                    "total": 23.70977560000001,
                    "count": 146,
                    "self": 0.0037205000000497535,
                    "children": {
                        "env_step": {
                            "total": 23.70605509999996,
                            "count": 146,
                            "self": 21.822882400000005,
                            "children": {
                                "SubprocessEnvManager._take_step": {
                                    "total": 1.8794850999999664,
                                    "count": 146,
                                    "self": 0.018714099999993294,
                                    "children": {
                                        "TorchPolicy.evaluate": {
                                            "total": 1.860770999999973,
                                            "count": 146,
                                            "self": 0.3040092999999491,
                                            "children": {
                                                "TorchPolicy.sample_actions": {
                                                    "total": 1.556761700000024,
                                                    "count": 146,
                                                    "self": 1.556761700000024
                                                }
                                            }
                                        }
                                    }
                                },
                                "workers": {
                                    "total": 0.003687599999990354,
                                    "count": 145,
                                    "self": 0.0,
                                    "children": {
                                        "worker_root": {
                                            "total": 26.97807999999998,
                                            "count": 145,
                                            "is_parallel": true,
                                            "self": 5.47711709999999,
                                            "children": {
                                                "steps_from_proto": {
                                                    "total": 0.000702699999999723,
                                                    "count": 1,
                                                    "is_parallel": true,
                                                    "self": 0.0003985999999995826,
                                                    "children": {
                                                        "_process_rank_one_or_two_observation": {
                                                            "total": 0.00030410000000014037,
                                                            "count": 2,
                                                            "is_parallel": true,
                                                            "self": 0.00030410000000014037
                                                        }
                                                    }
                                                },
                                                "UnityEnvironment.step": {
                                                    "total": 21.50026019999999,
                                                    "count": 145,
                                                    "is_parallel": true,
                                                    "self": 0.022681500000018673,
                                                    "children": {
                                                        "UnityEnvironment._generate_step_input": {
                                                            "total": 0.0612993999999869,
                                                            "count": 145,
                                                            "is_parallel": true,
                                                            "self": 0.0612993999999869
                                                        },
                                                        "communicator.exchange": {
                                                            "total": 21.31441419999998,
                                                            "count": 145,
                                                            "is_parallel": true,
                                                            "self": 21.31441419999998
                                                        },
                                                        "steps_from_proto": {
                                                            "total": 0.10186510000000126,
                                                            "count": 145,
                                                            "is_parallel": true,
                                                            "self": 0.07056440000000741,
                                                            "children": {
                                                                "_process_rank_one_or_two_observation": {
                                                                    "total": 0.03130069999999385,
                                                                    "count": 290,
                                                                    "is_parallel": true,
                                                                    "self": 0.03130069999999385
                                                                }
                                                            }
                                                        }
                                                    }
                                                }
                                            }
                                        }
                                    }
                                }
                            }
                        }
                    }
                },
                "trainer_threads": {
                    "total": 2.880000000260452e-05,
                    "count": 1,
                    "self": 2.880000000260452e-05,
                    "children": {
                        "thread_root": {
                            "total": 0.0,
                            "count": 0,
                            "is_parallel": true,
                            "self": 0.0,
                            "children": {
                                "trainer_advance": {
                                    "total": 23.668098900000025,
                                    "count": 1534,