{
    "name": "root",
    "metadata": {
        "timer_format_version": "0.1.0",
        "start_time_seconds": "1621184689",
        "python_version": "3.8.6 (tags/v3.8.6:db45529, Sep 23 2020, 15:52:53) [MSC v.1927 64 bit (AMD64)]",
        "command_line_arguments": "D:\\ProgettoTesi\\Tesi\\venv\\Scripts\\mlagents-learn --force",
        "mlagents_version": "0.25.0",
        "mlagents_envs_version": "0.25.0",
        "communication_protocol_version": "1.5.0",
        "pytorch_version": "1.7.1+cu110",
        "numpy_version": "1.20.2",
        "end_time_seconds": "1621184854"
    },
    "total": 164.344139,
    "count": 1,
    "self": 0.004509699999999839,
    "children": {
        "run_training.setup": {
            "total": 0.026792800000000172,
            "count": 1,
            "self": 0.026792800000000172
        },
        "TrainerController.start_learning": {
            "total": 164.3128365,
            "count": 1,
            "self": 0.014684399999850939,
            "children": {
                "TrainerController._reset_env": {
                    "total": 48.6392857,
                    "count": 1,
                    "self": 48.6392857
                },
                "TrainerController.advance": {
                    "total": 115.54836250000011,
                    "count": 697,
                    "self": 0.006760300000053121,
                    "children": {
                        "env_step": {
                            "total": 115.54160220000006,
                            "count": 697,
                            "self": 113.33601630000003,
                            "children": {
                                "SubprocessEnvManager._take_step": {
                                    "total": 2.19867580000021,
                                    "count": 697,
                                    "self": 0.03279840000024592,
                                    "children": {
                                        "TorchPolicy.evaluate": {
                                            "total": 2.165877399999964,
                                            "count": 697,
                                            "self": 0.5720980999998773,
                                            "children": {
                                                "TorchPolicy.sample_actions": {
                                                    "total": 1.5937793000000866,
                                                    "count": 697,
                                                    "self": 1.5937793000000866
                                                }
                                            }
                                        }
                                    }
                                },
                                "workers": {
                                    "total": 0.006910099999821284,
                                    "count": 696,
                                    "self": 0.0,
                                    "children": {
                                        "worker_root": {
                                            "total": 56.80278269999994,
                                            "count": 696,
                                            "is_parallel": true,
                                            "self": 4.125191799999989,
                                            "children": {
                                                "steps_from_proto": {
                                                    "total": 0.00035199999999946385,
                                                    "count": 1,
                                                    "is_parallel": true,
                                                    "self": 0.00020630000000210202,
                                                    "children": {
                                                        "_process_rank_one_or_two_observation": {
                                                            "total": 0.00014569999999736183,
                                                            "count": 2,
                                                            "is_parallel": true,
                                                            "self": 0.00014569999999736183
                                                        }
                                                    }
                                                },
                                                "UnityEnvironment.step": {
                                                    "total": 52.67723889999995,
                                                    "count": 696,
                                                    "is_parallel": true,
                                                    "self": 0.038664199999885795,
                                                    "children": {
                                                        "UnityEnvironment._generate_step_input": {
                                                            "total": 0.08873529999989671,
                                                            "count": 696,
                                                            "is_parallel": true,
                                                            "self": 0.08873529999989671
                                                        },
                                                        "communicator.exchange": {
                                                            "total": 52.36730040000003,
                                                            "count": 696,
                                                            "is_parallel": true,
                                                            "self": 52.36730040000003
                                                        },
                                                        "steps_from_proto": {
                                                            "total": 0.18253900000013346,
                                                            "count": 696,
                                                            "is_parallel": true,
                                                            "self": 0.12010190000001586,
                                                            "children": {
                                                                "_process_rank_one_or_two_observation": {
                                                                    "total": 0.062437100000117596,
                                                                    "count": 1392,
                                                                    "is_parallel": true,
                                                                    "self": 0.062437100000117596
                                                                }
                                                            }
                                                        }
                                                    }
                                                }
                                            }
                                        }
                                    }
                                }
                            }
                        }
                    }
                },
                "TrainerController._save_models": {
                    "total": 0.11050390000002608,
                    "count": 1,
                    "self": 0.0029557000000011158,
                    "children": {
                        "RLTrainer._checkpoint": {
                            "total": 0.10754820000002496,
                            "count": 1,
                            "self": 0.10754820000002496
                        }
                    }
                }
            }
        }
    }
}