{
    "name": "root",
    "metadata": {
        "timer_format_version": "0.1.0",
        "start_time_seconds": "1621517877",
        "python_version": "3.8.6 (tags/v3.8.6:db45529, Sep 23 2020, 15:52:53) [MSC v.1927 64 bit (AMD64)]",
        "command_line_arguments": "D:\\ProgettoTesi\\Tesi\\venv\\Scripts\\mlagents-learn --force",
        "mlagents_version": "0.25.0",
        "mlagents_envs_version": "0.25.0",
        "communication_protocol_version": "1.5.0",
        "pytorch_version": "1.7.1+cu110",
        "numpy_version": "1.20.2",
        "end_time_seconds": "1621517987"
    },
    "total": 110.12640760000001,
    "count": 1,
    "self": 0.004071900000013784,
    "children": {
        "run_training.setup": {
            "total": 0.028095199999999876,
            "count": 1,
            "self": 0.028095199999999876
        },
        "TrainerController.start_learning": {
            "total": 110.0942405,
            "count": 1,
            "self": 0.04182659999982263,
            "children": {
                "TrainerController._reset_env": {
                    "total": 6.5557062,
                    "count": 1,
                    "self": 6.5557062
                },
                "TrainerController.advance": {
                    "total": 103.37833540000017,
                    "count": 1270,
                    "self": 0.012573700000103827,
                    "children": {
                        "env_step": {
                            "total": 103.36576170000006,
                            "count": 1270,
                            "self": 99.62140169999986,
                            "children": {
                                "SubprocessEnvManager._take_step": {
                                    "total": 3.731583800000025,
                                    "count": 1270,
                                    "self": 0.05693600000052079,
                                    "children": {
                                        "TorchPolicy.evaluate": {
                                            "total": 3.674647799999504,
                                            "count": 1270,
                                            "self": 1.00668859999967,
                                            "children": {
                                                "TorchPolicy.sample_actions": {
                                                    "total": 2.667959199999834,
                                                    "count": 1270,
                                                    "self": 2.667959199999834
                                                }
                                            }
                                        }
                                    }
                                },
                                "workers": {
                                    "total": 0.012776200000176985,
                                    "count": 1269,
                                    "self": 0.0,
                                    "children": {
                                        "worker_root": {
                                            "total": 104.65135670000012,
                                            "count": 1269,
                                            "is_parallel": true,
                                            "self": 6.165574500000119,
                                            "children": {
                                                "steps_from_proto": {
                                                    "total": 0.00037410000000015486,
                                                    "count": 1,
                                                    "is_parallel": true,
                                                    "self": 0.0002119000000009308,
                                                    "children": {
                                                        "_process_rank_one_or_two_observation": {
                                                            "total": 0.00016219999999922408,
                                                            "count": 2,
                                                            "is_parallel": true,
                                                            "self": 0.00016219999999922408
                                                        }
                                                    }
                                                },
                                                "UnityEnvironment.step": {
                                                    "total": 98.4854081,
                                                    "count": 1269,
                                                    "is_parallel": true,
                                                    "self": 0.07101039999994896,
                                                    "children": {
                                                        "UnityEnvironment._generate_step_input": {
                                                            "total": 0.15974569999993804,
                                                            "count": 1269,
                                                            "is_parallel": true,
                                                            "self": 0.15974569999993804
                                                        },
                                                        "communicator.exchange": {
                                                            "total": 97.92220930000015,
                                                            "count": 1269,
                                                            "is_parallel": true,
                                                            "self": 97.92220930000015
                                                        },
                                                        "steps_from_proto": {
                                                            "total": 0.3324426999999801,
                                                            "count": 1269,
                                                            "is_parallel": true,
                                                            "self": 0.21868529999980169,
                                                            "children": {
                                                                "_process_rank_one_or_two_observation": {
                                                                    "total": 0.11375740000017842,
                                                                    "count": 2538,
                                                                    "is_parallel": true,
                                                                    "self": 0.11375740000017842
                                                                }
                                                            }
                                                        }
                                                    }
                                                }
                                            }
                                        }
                                    }
                                }
                            }
                        }
                    }
                },
                "trainer_threads": {
                    "total": 1.4200000009623182e-05,
                    "count": 1,
                    "self": 1.4200000009623182e-05,
                    "children": {
                        "thread_root": {
                            "total": 0.0,
                            "count": 0,
                            "is_parallel": true,
                            "self": 0.0,
                            "children": {
                                "trainer_advance": {
                                    "total": 103.29443550000005,
                                    "count": 6760,