{
    "name": "root",
    "metadata": {
        "timer_format_version": "0.1.0",
        "start_time_seconds": "1621442465",
        "python_version": "3.8.6 (tags/v3.8.6:db45529, Sep 23 2020, 15:52:53) [MSC v.1927 64 bit (AMD64)]",
        "command_line_arguments": "D:\\ProgettoTesi\\Tesi\\venv\\Scripts\\mlagents-learn --force",
        "mlagents_version": "0.25.0",
        "mlagents_envs_version": "0.25.0",
        "communication_protocol_version": "1.5.0",
        "pytorch_version": "1.7.1+cu110",
        "numpy_version": "1.20.2",
        "end_time_seconds": "1621442603"
    },
    "total": 138.77068859999997,
    "count": 1,
    "self": 0.06207139999997935,
    "children": {
        "run_training.setup": {
            "total": 0.14642749999999793,
            "count": 1,
            "self": 0.14642749999999793
        },
        "TrainerController.start_learning": {
            "total": 138.5621897,
            "count": 1,
            "self": 0.016364000000010037,
            "children": {
                "TrainerController._reset_env": {
                    "total": 25.9522815,
                    "count": 1,
                    "self": 25.9522815
                },
                "TrainerController.advance": {
                    "total": 111.33117739999999,
                    "count": 315,
                    "self": 0.005220799999989367,
                    "children": {
                        "env_step": {
                            "total": 111.3259566,
                            "count": 315,
                            "self": 104.8210327000002,
                            "children": {
                                "SubprocessEnvManager._take_step": {
                                    "total": 6.499504299999934,
                                    "count": 315,
                                    "self": 0.027494400000023234,
                                    "children": {
                                        "TorchPolicy.evaluate": {
                                            "total": 6.472009899999911,
                                            "count": 315,
                                            "self": 0.5501230000000632,
                                            "children": {
                                                "TorchPolicy.sample_actions": {
                                                    "total": 5.921886899999848,
                                                    "count": 315,
                                                    "self": 5.921886899999848
                                                }
                                            }
                                        }
                                    }
                                },
                                "workers": {
                                    "total": 0.005419599999861191,
                                    "count": 314,
                                    "self": 0.0,
                                    "children": {
                                        "worker_root": {
                                            "total": 129.9924729000002,
                                            "count": 314,
                                            "is_parallel": true,
                                            "self": 25.996285300000153,
                                            "children": {
                                                "steps_from_proto": {
                                                    "total": 0.026440499999999645,
                                                    "count": 1,
                                                    "is_parallel": true,
                                                    "self": 0.0009487999999997498,
                                                    "children": {
                                                        "_process_rank_one_or_two_observation": {
                                                            "total": 0.025491699999999895,
                                                            "count": 2,
                                                            "is_parallel": true,
                                                            "self": 0.025491699999999895
                                                        }
                                                    }
                                                },
                                                "UnityEnvironment.step": {
                                                    "total": 103.96974710000003,
                                                    "count": 314,
                                                    "is_parallel": true,
                                                    "self": 0.040390899999806607,
                                                    "children": {
                                                        "UnityEnvironment._generate_step_input": {
                                                            "total": 0.12131220000000553,
                                                            "count": 314,
                                                            "is_parallel": true,
                                                            "self": 0.12131220000000553
                                                        },
                                                        "communicator.exchange": {
                                                            "total": 103.62257890000001,
                                                            "count": 314,
                                                            "is_parallel": true,
                                                            "self": 103.62257890000001
                                                        },
                                                        "steps_from_proto": {
                                                            "total": 0.185465100000215,
                                                            "count": 314,
                                                            "is_parallel": true,
                                                            "self": 0.12750890000008397,
                                                            "children": {
                                                                "_process_rank_one_or_two_observation": {
                                                                    "total": 0.05795620000013102,
                                                                    "count": 628,
                                                                    "is_parallel": true,
                                                                    "self": 0.05795620000013102
                                                                }
                                                            }
                                                        }
                                                    }
                                                }
                                            }
                                        }
                                    }
                                }
                            }
                        }
                    }
                },
                "trainer_threads": {
                    "total": 3.4599999992224184e-05,
                    "count": 1,
                    "self": 3.4599999992224184e-05,
                    "children": {
                        "thread_root": {
                            "total": 0.0,
                            "count": 0,
                            "is_parallel": true,
                            "self": 0.0,
                            "children": {
                                "trainer_advance": {
                                    "total": 111.13432080000072,
                                    "count": 7137,