{
    "name": "root",
    "metadata": {
        "timer_format_version": "0.1.0",
        "start_time_seconds": "1621414034",
        "python_version": "3.8.6 (tags/v3.8.6:db45529, Sep 23 2020, 15:52:53) [MSC v.1927 64 bit (AMD64)]",
        "command_line_arguments": "D:\\ProgettoTesi\\Tesi\\venv\\Scripts\\mlagents-learn --force",
        "mlagents_version": "0.25.0",
        "mlagents_envs_version": "0.25.0",
        "communication_protocol_version": "1.5.0",
        "pytorch_version": "1.7.1+cu110",
        "numpy_version": "1.20.2",
        "end_time_seconds": "1621414177"
    },
    "total": 142.7311789,
    "count": 1,
    "self": 0.04511289999999235,
    "children": {
        "run_training.setup": {
            "total": 0.18817970000000006,
            "count": 1,
            "self": 0.18817970000000006
        },
        "TrainerController.start_learning": {
            "total": 142.4978863,
            "count": 1,
            "self": 0.027402800000231764,
            "children": {
                "TrainerController._reset_env": {
                    "total": 26.536466200000003,
                    "count": 1,
                    "self": 26.536466200000003
                },
                "TrainerController.advance": {
                    "total": 114.20846389999977,
                    "count": 328,
                    "self": 0.006791499999891926,
                    "children": {
                        "env_step": {
                            "total": 114.20167239999988,
                            "count": 328,
                            "self": 107.58603330000015,
                            "children": {
                                "SubprocessEnvManager._take_step": {
                                    "total": 6.609386199999726,
                                    "count": 328,
                                    "self": 0.03359389999987883,
                                    "children": {
                                        "TorchPolicy.evaluate": {
                                            "total": 6.575792299999847,
                                            "count": 328,
                                            "self": 0.648191299999965,
                                            "children": {
                                                "TorchPolicy.sample_actions": {
                                                    "total": 5.927600999999882,
                                                    "count": 328,
                                                    "self": 5.927600999999882
                                                }
                                            }
                                        }
                                    }
                                },
                                "workers": {
                                    "total": 0.006252899999999784,
                                    "count": 327,
                                    "self": 0.0,
                                    "children": {
                                        "worker_root": {
                                            "total": 132.5918387000001,
                                            "count": 327,
                                            "is_parallel": true,
                                            "self": 25.998960100000133,
                                            "children": {
                                                "steps_from_proto": {
                                                    "total": 0.07010589999999972,
                                                    "count": 1,
                                                    "is_parallel": true,
                                                    "self": 0.004339299999999824,
                                                    "children": {
                                                        "_process_rank_one_or_two_observation": {
                                                            "total": 0.0657665999999999,
                                                            "count": 2,
                                                            "is_parallel": true,
                                                            "self": 0.0657665999999999
                                                        }
                                                    }
                                                },
                                                "UnityEnvironment.step": {
                                                    "total": 106.52277269999996,
                                                    "count": 327,
                                                    "is_parallel": true,
                                                    "self": 0.04591019999966761,
                                                    "children": {
                                                        "UnityEnvironment._generate_step_input": {
                                                            "total": 0.13302630000004712,
                                                            "count": 327,
                                                            "is_parallel": true,
                                                            "self": 0.13302630000004712
                                                        },
                                                        "communicator.exchange": {
                                                            "total": 106.13631360000007,
                                                            "count": 327,
                                                            "is_parallel": true,
                                                            "self": 106.13631360000007
                                                        },
                                                        "steps_from_proto": {
                                                            "total": 0.20752260000017486,
                                                            "count": 327,
                                                            "is_parallel": true,
                                                            "self": 0.1436216000003867,
                                                            "children": {
                                                                "_process_rank_one_or_two_observation": {
                                                                    "total": 0.06390099999978816,
                                                                    "count": 654,
                                                                    "is_parallel": true,
                                                                    "self": 0.06390099999978816
                                                                }
                                                            }
                                                        }
                                                    }
                                                }
                                            }
                                        }
                                    }
                                }
                            }
                        }
                    }
                },
                "trainer_threads": {
                    "total": 2.209999999536194e-05,
                    "count": 1,
                    "self": 2.209999999536194e-05,
                    "children": {
                        "thread_root": {
                            "total": 0.0,
                            "count": 0,
                            "is_parallel": true,
                            "self": 0.0,
                            "children": {
                                "trainer_advance": {
                                    "total": 114.01042650000038,
                                    "count": 7321,