{
    "name": "root",
    "metadata": {
        "timer_format_version": "0.1.0",
        "start_time_seconds": "1621000035",
        "python_version": "3.8.6 (tags/v3.8.6:db45529, Sep 23 2020, 15:52:53) [MSC v.1927 64 bit (AMD64)]",
        "command_line_arguments": "D:\\ProgettoTesi\\Tesi\\venv\\Scripts\\mlagents-learn --force",
        "mlagents_version": "0.25.0",
        "mlagents_envs_version": "0.25.0",
        "communication_protocol_version": "1.5.0",
        "pytorch_version": "1.7.1+cu110",
        "numpy_version": "1.20.2",
        "end_time_seconds": "1621000075"
    },
    "total": 39.8108526,
    "count": 1,
    "self": 0.0032804000000012934,
    "children": {
        "run_training.setup": {
            "total": 0.025315500000000046,
            "count": 1,
            "self": 0.025315500000000046
        },
        "TrainerController.start_learning": {
            "total": 39.7822567,
            "count": 1,
            "self": 0.00816229999999507,
            "children": {
                "TrainerController._reset_env": {
                    "total": 6.5556845,
                    "count": 1,
                    "self": 6.5556845
                },
                "TrainerController.advance": {
                    "total": 33.111629300000004,
                    "count": 10,
                    "self": 9.949999999747661e-05,
                    "children": {
                        "env_step": {
                            "total": 33.11152980000001,
                            "count": 10,
                            "self": 32.797164699999996,
                            "children": {
                                "SubprocessEnvManager._take_step": {
                                    "total": 0.31427940000000554,
                                    "count": 10,
                                    "self": 0.00044280000000540554,
                                    "children": {
                                        "TorchPolicy.evaluate": {
                                            "total": 0.31383660000000013,
                                            "count": 10,
                                            "self": 0.007903800000001127,
                                            "children": {
                                                "TorchPolicy.sample_actions": {
                                                    "total": 0.305932799999999,
                                                    "count": 10,
                                                    "self": 0.305932799999999
                                                }
                                            }
                                        }
                                    }
                                },
                                "workers": {
                                    "total": 8.570000000496236e-05,
                                    "count": 9,
                                    "self": 0.0,
                                    "children": {
                                        "worker_root": {
                                            "total": 2.627337299999999,
                                            "count": 9,
                                            "is_parallel": true,
                                            "self": 1.688386699999998,
                                            "children": {
                                                "steps_from_proto": {
                                                    "total": 0.00038330000000019737,
                                                    "count": 1,
                                                    "is_parallel": true,
                                                    "self": 0.00022099999999980469,
                                                    "children": {
                                                        "_process_rank_one_or_two_observation": {
                                                            "total": 0.00016230000000039269,
                                                            "count": 2,
                                                            "is_parallel": true,
                                                            "self": 0.00016230000000039269
                                                        }
                                                    }
                                                },
                                                "UnityEnvironment.step": {
                                                    "total": 0.9385673000000008,
                                                    "count": 9,
                                                    "is_parallel": true,
                                                    "self": 0.0004990000000022476,
                                                    "children": {
                                                        "UnityEnvironment._generate_step_input": {
                                                            "total": 0.0011583999999986716,
                                                            "count": 9,
                                                            "is_parallel": true,
                                                            "self": 0.0011583999999986716
                                                        },
                                                        "communicator.exchange": {
                                                            "total": 0.9346140000000007,
                                                            "count": 9,
                                                            "is_parallel": true,
                                                            "self": 0.9346140000000007
                                                        },
                                                        "steps_from_proto": {
                                                            "total": 0.002295899999999129,
                                                            "count": 9,
                                                            "is_parallel": true,
                                                            "self": 0.0014934000000002001,
                                                            "children": {
                                                                "_process_rank_one_or_two_observation": {
                                                                    "total": 0.0008024999999989291,
                                                                    "count": 18,
                                                                    "is_parallel": true,
                                                                    "self": 0.0008024999999989291
                                                                }
                                                            }
                                                        }
                                                    }
                                                }
                                            }
                                        }
                                    }
                                }
                            }
                        }
                    }
                },
                "trainer_threads": {
                    "total": 2.179999999896154e-05,
                    "count": 1,
                    "self": 2.179999999896154e-05,
                    "children": {
                        "thread_root": {
                            "total": 0.0,
                            "count": 0,
                            "is_parallel": true,
                            "self": 0.0,
                            "children": {
                                "trainer_advance": {
                                    "total": 33.08761239999992,
                                    "count": 2120,