{
    "name": "root",
    "metadata": {
        "timer_format_version": "0.1.0",
        "start_time_seconds": "1621444278",
        "python_version": "3.8.6 (tags/v3.8.6:db45529, Sep 23 2020, 15:52:53) [MSC v.1927 64 bit (AMD64)]",
        "command_line_arguments": "D:\\ProgettoTesi\\Tesi\\venv\\Scripts\\mlagents-learn --force",
        "mlagents_version": "0.25.0",
        "mlagents_envs_version": "0.25.0",
        "communication_protocol_version": "1.5.0",
        "pytorch_version": "1.7.1+cu110",
        "numpy_version": "1.20.2",
        "end_time_seconds": "1621444399"
    },
    "total": 121.0600456,
    "count": 1,
    "self": 0.005164800000002856,
    "children": {
        "run_training.setup": {
            "total": 0.03119000000000005,
            "count": 1,
            "self": 0.03119000000000005
        },
        "TrainerController.start_learning": {
            "total": 121.0236908,
            "count": 1,
            "self": 0.01381449999986728,
            "children": {
                "TrainerController._reset_env": {
                    "total": 10.2034451,
                    "count": 1,
                    "self": 10.2034451
                },
                "TrainerController.advance": {
                    "total": 110.64571360000014,
                    "count": 333,
                    "self": 0.0062179000001947315,
                    "children": {
                        "env_step": {
                            "total": 110.63949569999994,
                            "count": 333,
                            "self": 108.11317029999984,
                            "children": {
                                "SubprocessEnvManager._take_step": {
                                    "total": 2.5206307000000514,
                                    "count": 333,
                                    "self": 0.029318800000059042,
                                    "children": {
                                        "TorchPolicy.evaluate": {
                                            "total": 2.4913118999999924,
                                            "count": 333,
                                            "self": 0.5554094999998345,
                                            "children": {
                                                "TorchPolicy.sample_actions": {
                                                    "total": 1.935902400000158,
                                                    "count": 333,
                                                    "self": 1.935902400000158
                                                }
                                            }
                                        }
                                    }
                                },
                                "workers": {
                                    "total": 0.005694700000047348,
                                    "count": 332,
                                    "self": 0.0,
                                    "children": {
                                        "worker_root": {
                                            "total": 113.49152720000008,
                                            "count": 332,
                                            "is_parallel": true,
                                            "self": 5.97723590000011,
                                            "children": {
                                                "steps_from_proto": {
                                                    "total": 0.0004597000000003959,
                                                    "count": 1,
                                                    "is_parallel": true,
                                                    "self": 0.00025370000000091153,
                                                    "children": {
                                                        "_process_rank_one_or_two_observation": {
                                                            "total": 0.00020599999999948437,
                                                            "count": 2,
                                                            "is_parallel": true,
                                                            "self": 0.00020599999999948437
                                                        }
                                                    }
                                                },
                                                "UnityEnvironment.step": {
                                                    "total": 107.51383159999997,
                                                    "count": 332,
                                                    "is_parallel": true,
                                                    "self": 0.041861100000176066,
                                                    "children": {
                                                        "UnityEnvironment._generate_step_input": {
                                                            "total": 0.12582289999998686,
                                                            "count": 332,
                                                            "is_parallel": true,
                                                            "self": 0.12582289999998686
                                                        },
                                                        "communicator.exchange": {
                                                            "total": 107.16073039999982,
                                                            "count": 332,
                                                            "is_parallel": true,
                                                            "self": 107.16073039999982
                                                        },
                                                        "steps_from_proto": {
                                                            "total": 0.1854171999999874,
                                                            "count": 332,
                                                            "is_parallel": true,
                                                            "self": 0.12600299999999187,
                                                            "children": {
                                                                "_process_rank_one_or_two_observation": {
                                                                    "total": 0.05941419999999553,
                                                                    "count": 664,
                                                                    "is_parallel": true,
                                                                    "self": 0.05941419999999553
                                                                }
                                                            }
                                                        }
                                                    }
                                                }
                                            }
                                        }
                                    }
                                }
                            }
                        }
                    }
                },
                "trainer_threads": {
                    "total": 3.6899999997785926e-05,
                    "count": 1,
                    "self": 3.6899999997785926e-05,
                    "children": {
                        "thread_root": {
                            "total": 0.0,
                            "count": 0,
                            "is_parallel": true,
                            "self": 0.0,
                            "children": {
                                "trainer_advance": {
                                    "total": 110.43319499999961,
                                    "count": 7130,