{
    "name": "root",
    "metadata": {
        "timer_format_version": "0.1.0",
        "start_time_seconds": "1621020851",
        "python_version": "3.8.6 (tags/v3.8.6:db45529, Sep 23 2020, 15:52:53) [MSC v.1927 64 bit (AMD64)]",
        "command_line_arguments": "D:\\ProgettoTesi\\Tesi\\venv\\Scripts\\mlagents-learn --force",
        "mlagents_version": "0.25.0",
        "mlagents_envs_version": "0.25.0",
        "communication_protocol_version": "1.5.0",
        "pytorch_version": "1.7.1+cu110",
        "numpy_version": "1.20.2",
        "end_time_seconds": "1621020945"
    },
    "total": 93.49593899999999,
    "count": 1,
    "self": 0.01530999999999949,
    "children": {
        "run_training.setup": {
            "total": 0.14587530000000015,
            "count": 1,
            "self": 0.14587530000000015
        },
        "TrainerController.start_learning": {
            "total": 93.3347537,
            "count": 1,
            "self": 0.0014142999999791073,
            "children": {
                "TrainerController._reset_env": {
                    "total": 22.6310217,
                    "count": 1,
                    "self": 22.6310217
                },
                "TrainerController.advance": {
                    "total": 69.6998226,
                    "count": 64,
                    "self": 0.0006259000000170545,
                    "children": {
                        "env_step": {
                            "total": 69.69919669999999,
                            "count": 64,
                            "self": 65.49159139999992,
                            "children": {
                                "SubprocessEnvManager._take_step": {
                                    "total": 4.207002800000041,
                                    "count": 64,
                                    "self": 0.0030339000000338956,
                                    "children": {
                                        "TorchPolicy.evaluate": {
                                            "total": 4.203968900000007,
                                            "count": 64,
                                            "self": 0.08373990000001186,
                                            "children": {
                                                "TorchPolicy.sample_actions": {
                                                    "total": 4.120228999999995,
                                                    "count": 64,
                                                    "self": 4.120228999999995
                                                }
                                            }
                                        }
                                    }
                                },
                                "workers": {
                                    "total": 0.0006025000000207115,
                                    "count": 63,
                                    "self": 0.0,
                                    "children": {
                                        "worker_root": {
                                            "total": 22.777888999999995,
                                            "count": 63,
                                            "is_parallel": true,
                                            "self": 17.359306099999994,
                                            "children": {
                                                "steps_from_proto": {
                                                    "total": 0.05620359999999991,
                                                    "count": 1,
                                                    "is_parallel": true,
                                                    "self": 0.00031369999999952825,
                                                    "children": {
                                                        "_process_rank_one_or_two_observation": {
                                                            "total": 0.05588990000000038,
                                                            "count": 2,
                                                            "is_parallel": true,
                                                            "self": 0.05588990000000038
                                                        }
                                                    }
                                                },
                                                "UnityEnvironment.step": {
                                                    "total": 5.362379300000001,
                                                    "count": 63,
                                                    "is_parallel": true,
                                                    "self": 0.003614600000002355,
                                                    "children": {
                                                        "UnityEnvironment._generate_step_input": {
                                                            "total": 0.00801409999998981,
                                                            "count": 63,
                                                            "is_parallel": true,
                                                            "self": 0.00801409999998981
                                                        },
                                                        "communicator.exchange": {
                                                            "total": 5.334088300000008,
                                                            "count": 63,
                                                            "is_parallel": true,
                                                            "self": 5.334088300000008
                                                        },
                                                        "steps_from_proto": {
                                                            "total": 0.01666230000000013,
                                                            "count": 63,
                                                            "is_parallel": true,
                                                            "self": 0.011002799999971558,
                                                            "children": {
                                                                "_process_rank_one_or_two_observation": {
                                                                    "total": 0.005659500000028572,
                                                                    "count": 126,
                                                                    "is_parallel": true,
                                                                    "self": 0.005659500000028572
                                                                }
                                                            }
                                                        }
                                                    }
                                                }
                                            }
                                        }
                                    }
                                }
                            }
                        }
                    }
                },
                "TrainerController._save_models": {
                    "total": 1.0024951000000044,
                    "count": 1,
                    "self": 0.0022790000000014743,
                    "children": {
                        "RLTrainer._checkpoint": {
                            "total": 1.000216100000003,
                            "count": 1,
                            "self": 1.000216100000003
                        }
                    }
                }
            }
        }
    }
}