{
    "name": "root",
    "metadata": {
        "timer_format_version": "0.1.0",
        "start_time_seconds": "1621332375",
        "python_version": "3.8.6 (tags/v3.8.6:db45529, Sep 23 2020, 15:52:53) [MSC v.1927 64 bit (AMD64)]",
        "command_line_arguments": "D:\\ProgettoTesi\\Tesi\\venv\\Scripts\\mlagents-learn --force",
        "mlagents_version": "0.25.0",
        "mlagents_envs_version": "0.25.0",
        "communication_protocol_version": "1.5.0",
        "pytorch_version": "1.7.1+cu110",
        "numpy_version": "1.20.2",
        "end_time_seconds": "1621332401"
    },
    "total": 25.788520099999992,
    "count": 1,
    "self": 0.006641799999989928,
    "children": {
        "run_training.setup": {
            "total": 0.043121599999999205,
            "count": 1,
            "self": 0.043121599999999205
        },
        "TrainerController.start_learning": {
            "total": 25.738756700000003,
            "count": 1,
            "self": 0.01618070000002092,
            "children": {
                "TrainerController._reset_env": {
                    "total": 14.780270600000001,
                    "count": 1,
                    "self": 14.780270600000001
                },
                "TrainerController.advance": {
                    "total": 10.787321099999971,
                    "count": 40,
                    "self": 0.000910199999964334,
                    "children": {
                        "env_step": {
                            "total": 10.786410900000007,
                            "count": 40,
                            "self": 10.186458199999961,
                            "children": {
                                "SubprocessEnvManager._take_step": {
                                    "total": 0.5990216999999944,
                                    "count": 40,
                                    "self": 0.0047999999999603915,
                                    "children": {
                                        "TorchPolicy.evaluate": {
                                            "total": 0.594221700000034,
                                            "count": 40,
                                            "self": 0.07864770000007582,
                                            "children": {
                                                "TorchPolicy.sample_actions": {
                                                    "total": 0.5155739999999582,
                                                    "count": 40,
                                                    "self": 0.5155739999999582
                                                }
                                            }
                                        }
                                    }
                                },
                                "workers": {
                                    "total": 0.0009310000000510854,
                                    "count": 39,
                                    "self": 0.0,
                                    "children": {
                                        "worker_root": {
                                            "total": 12.356378400000011,
                                            "count": 39,
                                            "is_parallel": true,
                                            "self": 2.301082800000003,
                                            "children": {
                                                "steps_from_proto": {
                                                    "total": 0.000393300000000707,
                                                    "count": 1,
                                                    "is_parallel": true,
                                                    "self": 0.0002324999999991917,
                                                    "children": {
                                                        "_process_rank_one_or_two_observation": {
                                                            "total": 0.00016080000000151529,
                                                            "count": 2,
                                                            "is_parallel": true,
                                                            "self": 0.00016080000000151529
                                                        }
                                                    }
                                                },
                                                "UnityEnvironment.step": {
                                                    "total": 10.054902300000007,
                                                    "count": 39,
                                                    "is_parallel": true,
                                                    "self": 0.00558470000000888,
                                                    "children": {
                                                        "UnityEnvironment._generate_step_input": {
                                                            "total": 0.014308700000016827,
                                                            "count": 39,
                                                            "is_parallel": true,
                                                            "self": 0.014308700000016827
                                                        },
                                                        "communicator.exchange": {
                                                            "total": 10.007959900000001,
                                                            "count": 39,
                                                            "is_parallel": true,
                                                            "self": 10.007959900000001
                                                        },
                                                        "steps_from_proto": {
                                                            "total": 0.02704899999998034,
                                                            "count": 39,
                                                            "is_parallel": true,
                                                            "self": 0.018727899999987585,
                                                            "children": {
                                                                "_process_rank_one_or_two_observation": {
                                                                    "total": 0.008321099999992754,
                                                                    "count": 78,
                                                                    "is_parallel": true,
                                                                    "self": 0.008321099999992754
                                                                }
                                                            }
                                                        }
                                                    }
                                                }
                                            }
                                        }
                                    }
                                }
                            }
                        }
                    }
                },
                "trainer_threads": {
                    "total": 3.120000000933487e-05,
                    "count": 1,
                    "self": 3.120000000933487e-05,
                    "children": {
                        "thread_root": {
                            "total": 0.0,
                            "count": 0,
                            "is_parallel": true,
                            "self": 0.0,
                            "children": {
                                "trainer_advance": {
                                    "total": 10.779790200000022,