{
    "name": "root",
    "metadata": {
        "timer_format_version": "0.1.0",
        "start_time_seconds": "1621354080",
        "python_version": "3.8.6 (tags/v3.8.6:db45529, Sep 23 2020, 15:52:53) [MSC v.1927 64 bit (AMD64)]",
        "command_line_arguments": "D:\\ProgettoTesi\\Tesi\\venv\\Scripts\\mlagents-learn --force",
        "mlagents_version": "0.25.0",
        "mlagents_envs_version": "0.25.0",
        "communication_protocol_version": "1.5.0",
        "pytorch_version": "1.7.1+cu110",
        "numpy_version": "1.20.2",
        "end_time_seconds": "1621354202"
    },
    "total": 121.6378218,
    "count": 1,
    "self": 0.004653000000004681,
    "children": {
        "run_training.setup": {
            "total": 0.028544300000000078,
            "count": 1,
            "self": 0.028544300000000078
        },
        "TrainerController.start_learning": {
            "total": 121.6046245,
            "count": 1,
            "self": 0.03642279999989739,
            "children": {
                "TrainerController._reset_env": {
                    "total": 7.767566900000001,
                    "count": 1,
                    "self": 7.767566900000001
                },
                "TrainerController.advance": {
                    "total": 113.70388110000009,
                    "count": 1207,
                    "self": 0.012113300000166305,
                    "children": {
                        "env_step": {
                            "total": 113.69176779999992,
                            "count": 1207,
                            "self": 110.0837657999999,
                            "children": {
                                "SubprocessEnvManager._take_step": {
                                    "total": 3.5959530000001454,
                                    "count": 1207,
                                    "self": 0.0562375000001758,
                                    "children": {
                                        "TorchPolicy.evaluate": {
                                            "total": 3.5397154999999696,
                                            "count": 1207,
                                            "self": 0.9606732999999483,
                                            "children": {
                                                "TorchPolicy.sample_actions": {
                                                    "total": 2.5790422000000213,
                                                    "count": 1207,
                                                    "self": 2.5790422000000213
                                                }
                                            }
                                        }
                                    }
                                },
                                "workers": {
                                    "total": 0.012048999999885623,
                                    "count": 1206,
                                    "self": 0.0,
                                    "children": {
                                        "worker_root": {
                                            "total": 115.04248219999992,
                                            "count": 1206,
                                            "is_parallel": true,
                                            "self": 6.00918230000012,
                                            "children": {
                                                "steps_from_proto": {
                                                    "total": 0.0003361999999995646,
                                                    "count": 1,
                                                    "is_parallel": true,
                                                    "self": 0.00019470000000065824,
                                                    "children": {
                                                        "_process_rank_one_or_two_observation": {
                                                            "total": 0.0001414999999989064,
                                                            "count": 2,
                                                            "is_parallel": true,
                                                            "self": 0.0001414999999989064
                                                        }
                                                    }
                                                },
                                                "UnityEnvironment.step": {
                                                    "total": 109.0329636999998,
                                                    "count": 1206,
                                                    "is_parallel": true,
                                                    "self": 0.06936969999922837,
                                                    "children": {
                                                        "UnityEnvironment._generate_step_input": {
                                                            "total": 0.15522840000031302,
                                                            "count": 1206,
                                                            "is_parallel": true,
                                                            "self": 0.15522840000031302
                                                        },
                                                        "communicator.exchange": {
                                                            "total": 108.49053130000014,
                                                            "count": 1206,
                                                            "is_parallel": true,
                                                            "self": 108.49053130000014
                                                        },
                                                        "steps_from_proto": {
                                                            "total": 0.31783430000011315,
                                                            "count": 1206,
                                                            "is_parallel": true,
                                                            "self": 0.20919579999992344,
                                                            "children": {
                                                                "_process_rank_one_or_two_observation": {
                                                                    "total": 0.10863850000018971,
                                                                    "count": 2412,
                                                                    "is_parallel": true,
                                                                    "self": 0.10863850000018971
                                                                }
                                                            }
                                                        }
                                                    }
                                                }
                                            }
                                        }
                                    }
                                }
                            }
                        }
                    }
                },
                "trainer_threads": {
                    "total": 2.4400000000923683e-05,
                    "count": 1,
                    "self": 2.4400000000923683e-05,
                    "children": {
                        "thread_root": {
                            "total": 0.0,
                            "count": 0,
                            "is_parallel": true,
                            "self": 0.0,
                            "children": {
                                "trainer_advance": {
                                    "total": 113.59948459999997,