{
    "name": "root",
    "metadata": {
        "timer_format_version": "0.1.0",
        "start_time_seconds": "1622026172",
        "python_version": "3.8.6 (tags/v3.8.6:db45529, Sep 23 2020, 15:52:53) [MSC v.1927 64 bit (AMD64)]",
        "command_line_arguments": "D:\\ProgettoTesi\\Tesi\\venv\\Scripts\\mlagents-learn --force",
        "mlagents_version": "0.25.0",
        "mlagents_envs_version": "0.25.0",
        "communication_protocol_version": "1.5.0",
        "pytorch_version": "1.7.1+cu110",
        "numpy_version": "1.20.2",
        "end_time_seconds": "1622026217"
    },
    "total": 45.082168599999996,
    "count": 1,
    "self": 0.0032458999999889215,
    "children": {
        "run_training.setup": {
            "total": 0.02624559999999998,
            "count": 1,
            "self": 0.02624559999999998
        },
        "TrainerController.start_learning": {
            "total": 45.052677100000004,
            "count": 1,
            "self": 0.017728700000077424,
            "children": {
                "TrainerController._reset_env": {
                    "total": 18.4173948,
                    "count": 1,
                    "self": 18.4173948
                },
                "TrainerController.advance": {
                    "total": 26.438110999999928,
                    "count": 284,
                    "self": 0.002845599999997006,
                    "children": {
                        "env_step": {
                            "total": 26.43526539999993,
                            "count": 284,
                            "self": 25.408148800000017,
                            "children": {
                                "SubprocessEnvManager._take_step": {
                                    "total": 1.024282799999952,
                                    "count": 284,
                                    "self": 0.012538599999970756,
                                    "children": {
                                        "TorchPolicy.evaluate": {
                                            "total": 1.0117441999999812,
                                            "count": 284,
                                            "self": 0.21742269999998243,
                                            "children": {
                                                "TorchPolicy.sample_actions": {
                                                    "total": 0.7943214999999988,
                                                    "count": 284,
                                                    "self": 0.7943214999999988
                                                }
                                            }
                                        }
                                    }
                                },
                                "workers": {
                                    "total": 0.002833799999962139,
                                    "count": 283,
                                    "self": 0.0,
                                    "children": {
                                        "worker_root": {
                                            "total": 27.719437499999987,
                                            "count": 283,
                                            "is_parallel": true,
                                            "self": 2.557377800000058,
                                            "children": {
                                                "steps_from_proto": {
                                                    "total": 0.0003340999999998928,
                                                    "count": 1,
                                                    "is_parallel": true,
                                                    "self": 0.00019229999999836878,
                                                    "children": {
                                                        "_process_rank_one_or_two_observation": {
                                                            "total": 0.00014180000000152404,
                                                            "count": 2,
                                                            "is_parallel": true,
                                                            "self": 0.00014180000000152404
                                                        }
                                                    }
                                                },
                                                "UnityEnvironment.step": {
                                                    "total": 25.16172559999993,
                                                    "count": 283,
                                                    "is_parallel": true,
                                                    "self": 0.015606499999936574,
                                                    "children": {
                                                        "UnityEnvironment._generate_step_input": {
                                                            "total": 0.03399520000001033,
                                                            "count": 283,
                                                            "is_parallel": true,
                                                            "self": 0.03399520000001033
                                                        },
                                                        "communicator.exchange": {
                                                            "total": 25.038038000000018,
                                                            "count": 283,
                                                            "is_parallel": true,
                                                            "self": 25.038038000000018
                                                        },
                                                        "steps_from_proto": {
                                                            "total": 0.07408589999996451,
                                                            "count": 283,
                                                            "is_parallel": true,
                                                            "self": 0.04829809999997181,
                                                            "children": {
                                                                "_process_rank_one_or_two_observation": {
                                                                    "total": 0.0257877999999927,
                                                                    "count": 566,
                                                                    "is_parallel": true,
                                                                    "self": 0.0257877999999927
                                                                }
                                                            }
                                                        }
                                                    }
                                                }
                                            }
                                        }
                                    }
                                }
                            }
                        }
                    }
                },
                "trainer_threads": {
                    "total": 1.599999999513102e-05,
                    "count": 1,
                    "self": 1.599999999513102e-05,
                    "children": {
                        "thread_root": {
                            "total": 0.0,
                            "count": 0,
                            "is_parallel": true,
                            "self": 0.0,
                            "children": {
                                "trainer_advance": {
                                    "total": 26.426135100000028,