{
    "name": "root",
    "metadata": {
        "timer_format_version": "0.1.0",
        "start_time_seconds": "1621430548",
        "python_version": "3.8.6 (tags/v3.8.6:db45529, Sep 23 2020, 15:52:53) [MSC v.1927 64 bit (AMD64)]",
        "command_line_arguments": "D:\\ProgettoTesi\\Tesi\\venv\\Scripts\\mlagents-learn --force",
        "mlagents_version": "0.25.0",
        "mlagents_envs_version": "0.25.0",
        "communication_protocol_version": "1.5.0",
        "pytorch_version": "1.7.1+cu110",
        "numpy_version": "1.20.2",
        "end_time_seconds": "1621430623"
    },
    "total": 75.46446710000001,
    "count": 1,
    "self": 0.004413700000000631,
    "children": {
        "run_training.setup": {
            "total": 0.029605199999999998,
            "count": 1,
            "self": 0.029605199999999998
        },
        "TrainerController.start_learning": {
            "total": 75.4304482,
            "count": 1,
            "self": 0.020120900000122788,
            "children": {
                "TrainerController._reset_env": {
                    "total": 11.1486053,
                    "count": 1,
                    "self": 11.1486053
                },
                "TrainerController.advance": {
                    "total": 64.14051889999989,
                    "count": 750,
                    "self": 0.007404499999879022,
                    "children": {
                        "env_step": {
                            "total": 64.13311440000001,
                            "count": 750,
                            "self": 61.79902079999997,
                            "children": {
                                "SubprocessEnvManager._take_step": {
                                    "total": 2.3266783000000135,
                                    "count": 750,
                                    "self": 0.03318349999976533,
                                    "children": {
                                        "TorchPolicy.evaluate": {
                                            "total": 2.293494800000248,
                                            "count": 750,
                                            "self": 0.590561200000236,
                                            "children": {
                                                "TorchPolicy.sample_actions": {
                                                    "total": 1.7029336000000121,
                                                    "count": 750,
                                                    "self": 1.7029336000000121
                                                }
                                            }
                                        }
                                    }
                                },
                                "workers": {
                                    "total": 0.0074153000000247715,
                                    "count": 749,
                                    "self": 0.0,
                                    "children": {
                                        "worker_root": {
                                            "total": 65.59746659999996,
                                            "count": 749,
                                            "is_parallel": true,
                                            "self": 4.460353400000031,
                                            "children": {
                                                "steps_from_proto": {
                                                    "total": 0.00032060000000022626,
                                                    "count": 1,
                                                    "is_parallel": true,
                                                    "self": 0.00018160000000122523,
                                                    "children": {
                                                        "_process_rank_one_or_two_observation": {
                                                            "total": 0.00013899999999900103,
                                                            "count": 2,
                                                            "is_parallel": true,
                                                            "self": 0.00013899999999900103
                                                        }
                                                    }
                                                },
                                                "UnityEnvironment.step": {
                                                    "total": 61.13679259999993,
                                                    "count": 749,
                                                    "is_parallel": true,
                                                    "self": 0.04195969999990723,
                                                    "children": {
                                                        "UnityEnvironment._generate_step_input": {
                                                            "total": 0.09555830000005905,
                                                            "count": 749,
                                                            "is_parallel": true,
                                                            "self": 0.09555830000005905
                                                        },
                                                        "communicator.exchange": {
                                                            "total": 60.80165910000011,
                                                            "count": 749,
                                                            "is_parallel": true,
                                                            "self": 60.80165910000011
                                                        },
                                                        "steps_from_proto": {
                                                            "total": 0.19761549999985561,
                                                            "count": 749,
                                                            "is_parallel": true,
                                                            "self": 0.12893919999996406,
                                                            "children": {
                                                                "_process_rank_one_or_two_observation": {
                                                                    "total": 0.06867629999989155,
                                                                    "count": 1498,
                                                                    "is_parallel": true,
                                                                    "self": 0.06867629999989155
                                                                }
                                                            }
                                                        }
                                                    }
                                                }
                                            }
                                        }
                                    }
                                }
                            }
                        }
                    }
                },
                "trainer_threads": {
                    "total": 1.8399999987650517e-05,
                    "count": 1,
                    "self": 1.8399999987650517e-05,
                    "children": {
                        "thread_root": {
                            "total": 0.0,
                            "count": 0,
                            "is_parallel": true,
                            "self": 0.0,
                            "children": {
                                "trainer_advance": {
                                    "total": 64.08097539999964,
                                    "count": 4205,