{
    "name": "root",
    "metadata": {
        "timer_format_version": "0.1.0",
        "start_time_seconds": "1621159232",
        "python_version": "3.8.6 (tags/v3.8.6:db45529, Sep 23 2020, 15:52:53) [MSC v.1927 64 bit (AMD64)]",
        "command_line_arguments": "D:\\ProgettoTesi\\Tesi\\venv\\Scripts\\mlagents-learn --force",
        "mlagents_version": "0.25.0",
        "mlagents_envs_version": "0.25.0",
        "communication_protocol_version": "1.5.0",
        "pytorch_version": "1.7.1+cu110",
        "numpy_version": "1.20.2",
        "end_time_seconds": "1621159331"
    },
    "total": 99.2336885,
    "count": 1,
    "self": 0.02619099999999719,
    "children": {
        "run_training.setup": {
            "total": 0.1625848000000012,
            "count": 1,
            "self": 0.1625848000000012
        },
        "TrainerController.start_learning": {
            "total": 99.0449127,
            "count": 1,
            "self": 0.0011669999999952552,
            "children": {
                "TrainerController._reset_env": {
                    "total": 25.5609785,
                    "count": 1,
                    "self": 25.5609785
                },
                "TrainerController.advance": {
                    "total": 72.2872126,
                    "count": 35,
                    "self": 0.00043490000001611406,
                    "children": {
                        "env_step": {
                            "total": 72.28677769999999,
                            "count": 35,
                            "self": 67.68735369999999,
                            "children": {
                                "SubprocessEnvManager._take_step": {
                                    "total": 4.599019200000008,
                                    "count": 35,
                                    "self": 0.0021815000000202645,
                                    "children": {
                                        "TorchPolicy.evaluate": {
                                            "total": 4.596837699999988,
                                            "count": 35,
                                            "self": 0.062086900000004164,
                                            "children": {
                                                "TorchPolicy.sample_actions": {
                                                    "total": 4.534750799999983,
                                                    "count": 35,
                                                    "self": 4.534750799999983
                                                }
                                            }
                                        }
                                    }
                                },
                                "workers": {
                                    "total": 0.0004047999999912122,
                                    "count": 34,
                                    "self": 0.0,
                                    "children": {
                                        "worker_root": {
                                            "total": 29.846815400000033,
                                            "count": 34,
                                            "is_parallel": true,
                                            "self": 22.25361310000002,
                                            "children": {
                                                "steps_from_proto": {
                                                    "total": 0.03414960000000011,
                                                    "count": 1,
                                                    "is_parallel": true,
                                                    "self": 0.0007225999999995736,
                                                    "children": {
                                                        "_process_rank_one_or_two_observation": {
                                                            "total": 0.03342700000000054,
                                                            "count": 2,
                                                            "is_parallel": true,
                                                            "self": 0.03342700000000054
                                                        }
                                                    }
                                                },
                                                "UnityEnvironment.step": {
                                                    "total": 7.559052700000013,
                                                    "count": 34,
                                                    "is_parallel": true,
                                                    "self": 0.0030754999999977883,
                                                    "children": {
                                                        "UnityEnvironment._generate_step_input": {
                                                            "total": 0.008931600000021689,
                                                            "count": 34,
                                                            "is_parallel": true,
                                                            "self": 0.008931600000021689
                                                        },
                                                        "communicator.exchange": {
                                                            "total": 7.533364500000008,
                                                            "count": 34,
                                                            "is_parallel": true,
                                                            "self": 7.533364500000008
                                                        },
                                                        "steps_from_proto": {
                                                            "total": 0.013681099999985236,
                                                            "count": 34,
                                                            "is_parallel": true,
                                                            "self": 0.009207700000011698,
                                                            "children": {
                                                                "_process_rank_one_or_two_observation": {
                                                                    "total": 0.004473399999973537,
                                                                    "count": 68,
                                                                    "is_parallel": true,
                                                                    "self": 0.004473399999973537
                                                                }
                                                            }
                                                        }
                                                    }
                                                }
                                            }
                                        }
                                    }
                                }
                            }
                        }
                    }
                },
                "TrainerController._save_models": {
                    "total": 1.1955545999999941,
                    "count": 1,
                    "self": 0.007722700000002192,
                    "children": {
                        "RLTrainer._checkpoint": {
                            "total": 1.187831899999992,
                            "count": 1,
                            "self": 1.187831899999992
                        }
                    }
                }
            }
        }
    }
}