{
    "name": "root",
    "metadata": {
        "timer_format_version": "0.1.0",
        "start_time_seconds": "1622041015",
        "python_version": "3.8.6 (tags/v3.8.6:db45529, Sep 23 2020, 15:52:53) [MSC v.1927 64 bit (AMD64)]",
        "command_line_arguments": "D:\\ProgettoTesi\\Tesi\\venv\\Scripts\\mlagents-learn --force",
        "mlagents_version": "0.25.0",
        "mlagents_envs_version": "0.25.0",
        "communication_protocol_version": "1.5.0",
        "pytorch_version": "1.7.1+cu110",
        "numpy_version": "1.20.2",
        "end_time_seconds": "1622041184"
    },
    "total": 168.5893447,
    "count": 1,
    "self": 0.003291200000006711,
    "children": {
        "run_training.setup": {
            "total": 0.028767899999999846,
            "count": 1,
            "self": 0.028767899999999846
        },
        "TrainerController.start_learning": {
            "total": 168.5572856,
            "count": 1,
            "self": 0.05369619999964925,
            "children": {
                "TrainerController._reset_env": {
                    "total": 9.964358,
                    "count": 1,
                    "self": 9.964358
                },
                "TrainerController.advance": {
                    "total": 158.44466470000035,
                    "count": 2187,
                    "self": 0.021474900000214348,
                    "children": {
                        "env_step": {
                            "total": 158.42318980000013,
                            "count": 2187,
                            "self": 152.1632721000005,
                            "children": {
                                "SubprocessEnvManager._take_step": {
                                    "total": 6.237885999999545,
                                    "count": 2187,
                                    "self": 0.09562169999941261,
                                    "children": {
                                        "TorchPolicy.evaluate": {
                                            "total": 6.142264300000132,
                                            "count": 2187,
                                            "self": 1.7285676000003782,
                                            "children": {
                                                "TorchPolicy.sample_actions": {
                                                    "total": 4.413696699999754,
                                                    "count": 2187,
                                                    "self": 4.413696699999754
                                                }
                                            }
                                        }
                                    }
                                },
                                "workers": {
                                    "total": 0.022031700000081145,
                                    "count": 2186,
                                    "self": 0.0,
                                    "children": {
                                        "worker_root": {
                                            "total": 160.43596869999965,
                                            "count": 2186,
                                            "is_parallel": true,
                                            "self": 10.114298499999194,
                                            "children": {
                                                "steps_from_proto": {
                                                    "total": 0.0003523999999996974,
                                                    "count": 1,
                                                    "is_parallel": true,
                                                    "self": 0.00020219999999859795,
                                                    "children": {
                                                        "_process_rank_one_or_two_observation": {
                                                            "total": 0.00015020000000109945,
                                                            "count": 2,
                                                            "is_parallel": true,
                                                            "self": 0.00015020000000109945
                                                        }
                                                    }
                                                },
                                                "UnityEnvironment.step": {
                                                    "total": 150.32131780000046,
                                                    "count": 2186,
                                                    "is_parallel": true,
                                                    "self": 0.12765070000165224,
                                                    "children": {
                                                        "UnityEnvironment._generate_step_input": {
                                                            "total": 0.2672209999995463,
                                                            "count": 2186,
                                                            "is_parallel": true,
                                                            "self": 0.2672209999995463
                                                        },
                                                        "communicator.exchange": {
                                                            "total": 149.34886549999987,
                                                            "count": 2186,
                                                            "is_parallel": true,
                                                            "self": 149.34886549999987
                                                        },
                                                        "steps_from_proto": {
                                                            "total": 0.5775805999993864,
                                                            "count": 2186,
                                                            "is_parallel": true,
                                                            "self": 0.37622269999976865,
                                                            "children": {
                                                                "_process_rank_one_or_two_observation": {
                                                                    "total": 0.20135789999961773,
                                                                    "count": 4372,
                                                                    "is_parallel": true,
                                                                    "self": 0.20135789999961773
                                                                }
                                                            }
                                                        }
                                                    }
                                                }
                                            }
                                        }
                                    }
                                }
                            }
                        }
                    }
                },
                "trainer_threads": {
                    "total": 1.4599999985875911e-05,
                    "count": 1,
                    "self": 1.4599999985875911e-05,
                    "children": {
                        "thread_root": {
                            "total": 0.0,
                            "count": 0,
                            "is_parallel": true,
                            "self": 0.0,
                            "children": {
                                "trainer_advance": {
                                    "total": 158.30350609999977,