{
    "name": "root",
    "metadata": {
        "timer_format_version": "0.1.0",
        "start_time_seconds": "1622208819",
        "python_version": "3.8.6 (tags/v3.8.6:db45529, Sep 23 2020, 15:52:53) [MSC v.1927 64 bit (AMD64)]",
        "command_line_arguments": "D:\\ProgettoTesi\\Tesi\\venv\\Scripts\\mlagents-learn --force",
        "mlagents_version": "0.25.0",
        "mlagents_envs_version": "0.25.0",
        "communication_protocol_version": "1.5.0",
        "pytorch_version": "1.7.1+cu110",
        "numpy_version": "1.20.2",
        "end_time_seconds": "1622208860"
    },
    "total": 41.299866099999996,
    "count": 1,
    "self": 0.0047094999999970355,
    "children": {
        "run_training.setup": {
            "total": 0.02662830000000005,
            "count": 1,
            "self": 0.02662830000000005
        },
        "TrainerController.start_learning": {
            "total": 41.2685283,
            "count": 1,
            "self": 0.016700100000036855,
            "children": {
                "TrainerController._reset_env": {
                    "total": 6.0337948,
                    "count": 1,
                    "self": 6.0337948
                },
                "TrainerController.advance": {
                    "total": 35.13126529999996,
                    "count": 499,
                    "self": 0.004934900000009179,
                    "children": {
                        "env_step": {
                            "total": 35.12633039999995,
                            "count": 499,
                            "self": 33.819739899999945,
                            "children": {
                                "SubprocessEnvManager._take_step": {
                                    "total": 1.301670599999973,
                                    "count": 499,
                                    "self": 0.021387900000037874,
                                    "children": {
                                        "TorchPolicy.evaluate": {
                                            "total": 1.280282699999935,
                                            "count": 499,
                                            "self": 0.3961316999998772,
                                            "children": {
                                                "TorchPolicy.sample_actions": {
                                                    "total": 0.8841510000000579,
                                                    "count": 499,
                                                    "self": 0.8841510000000579
                                                }
                                            }
                                        }
                                    }
                                },
                                "workers": {
                                    "total": 0.00491990000003284,
                                    "count": 498,
                                    "self": 0.0,
                                    "children": {
                                        "worker_root": {
                                            "total": 36.43951919999996,
                                            "count": 498,
                                            "is_parallel": true,
                                            "self": 3.0577281999999215,
                                            "children": {
                                                "steps_from_proto": {
                                                    "total": 0.00036639999999987793,
                                                    "count": 1,
                                                    "is_parallel": true,
                                                    "self": 0.00020689999999934372,
                                                    "children": {
                                                        "_process_rank_one_or_two_observation": {
                                                            "total": 0.00015950000000053421,
                                                            "count": 2,
                                                            "is_parallel": true,
                                                            "self": 0.00015950000000053421
                                                        }
                                                    }
                                                },
                                                "UnityEnvironment.step": {
                                                    "total": 33.38142460000004,
                                                    "count": 498,
                                                    "is_parallel": true,
                                                    "self": 0.028406000000103404,
                                                    "children": {
                                                        "UnityEnvironment._generate_step_input": {
                                                            "total": 0.06014809999999571,
                                                            "count": 498,
                                                            "is_parallel": true,
                                                            "self": 0.06014809999999571
                                                        },
                                                        "communicator.exchange": {
                                                            "total": 33.16680209999997,
                                                            "count": 498,
                                                            "is_parallel": true,
                                                            "self": 33.16680209999997
                                                        },
                                                        "steps_from_proto": {
                                                            "total": 0.12606839999997543,
                                                            "count": 498,
                                                            "is_parallel": true,
                                                            "self": 0.08198379999999972,
                                                            "children": {
                                                                "_process_rank_one_or_two_observation": {
                                                                    "total": 0.044084599999975715,
                                                                    "count": 996,
                                                                    "is_parallel": true,
                                                                    "self": 0.044084599999975715
                                                                }
                                                            }
                                                        }
                                                    }
                                                }
                                            }
                                        }
                                    }
                                }
                            }
                        }
                    }
                },
                "trainer_threads": {
                    "total": 1.9200000004104822e-05,
                    "count": 1,
                    "self": 1.9200000004104822e-05,
                    "children": {
                        "thread_root": {
                            "total": 0.0,
                            "count": 0,
                            "is_parallel": true,
                            "self": 0.0,
                            "children": {
                                "trainer_advance": {
                                    "total": 35.10409520000002,