{
    "name": "root",
    "metadata": {
        "timer_format_version": "0.1.0",
        "start_time_seconds": "1621178064",
        "python_version": "3.8.6 (tags/v3.8.6:db45529, Sep 23 2020, 15:52:53) [MSC v.1927 64 bit (AMD64)]",
        "command_line_arguments": "D:\\ProgettoTesi\\Tesi\\venv\\Scripts\\mlagents-learn --force",
        "mlagents_version": "0.25.0",
        "mlagents_envs_version": "0.25.0",
        "communication_protocol_version": "1.5.0",
        "pytorch_version": "1.7.1+cu110",
        "numpy_version": "1.20.2",
        "end_time_seconds": "1621178148"
    },
    "total": 84.2628422,
    "count": 1,
    "self": 0.0044429000000008045,
    "children": {
        "run_training.setup": {
            "total": 0.025476500000000124,
            "count": 1,
            "self": 0.025476500000000124
        },
        "TrainerController.start_learning": {
            "total": 84.2329228,
            "count": 1,
            "self": 0.003877799999997933,
            "children": {
                "TrainerController._reset_env": {
                    "total": 10.821446,
                    "count": 1,
                    "self": 10.821446
                },
                "TrainerController.advance": {
                    "total": 73.27977920000001,
                    "count": 185,
                    "self": 0.0019068999999944936,
                    "children": {
                        "env_step": {
                            "total": 73.27787230000001,
                            "count": 185,
                            "self": 72.50023449999998,
                            "children": {
                                "SubprocessEnvManager._take_step": {
                                    "total": 0.7758667000000088,
                                    "count": 185,
                                    "self": 0.008871000000024054,
                                    "children": {
                                        "TorchPolicy.evaluate": {
                                            "total": 0.7669956999999847,
                                            "count": 185,
                                            "self": 0.14656799999996295,
                                            "children": {
                                                "TorchPolicy.sample_actions": {
                                                    "total": 0.6204277000000218,
                                                    "count": 185,
                                                    "self": 0.6204277000000218
                                                }
                                            }
                                        }
                                    }
                                },
                                "workers": {
                                    "total": 0.0017711000000257826,
                                    "count": 184,
                                    "self": 0.0,
                                    "children": {
                                        "worker_root": {
                                            "total": 14.694890100000022,
                                            "count": 184,
                                            "is_parallel": true,
                                            "self": 2.4136729999999993,
                                            "children": {
                                                "steps_from_proto": {
                                                    "total": 0.00034039999999890824,
                                                    "count": 1,
                                                    "is_parallel": true,
                                                    "self": 0.00019749999999874035,
                                                    "children": {
                                                        "_process_rank_one_or_two_observation": {
                                                            "total": 0.0001429000000001679,
                                                            "count": 2,
                                                            "is_parallel": true,
                                                            "self": 0.0001429000000001679
                                                        }
                                                    }
                                                },
                                                "UnityEnvironment.step": {
                                                    "total": 12.280876700000023,
                                                    "count": 184,
                                                    "is_parallel": true,
                                                    "self": 0.010419999999973228,
                                                    "children": {
                                                        "UnityEnvironment._generate_step_input": {
                                                            "total": 0.023590400000014,
                                                            "count": 184,
                                                            "is_parallel": true,
                                                            "self": 0.023590400000014
                                                        },
                                                        "communicator.exchange": {
                                                            "total": 12.196731100000026,
                                                            "count": 184,
                                                            "is_parallel": true,
                                                            "self": 12.196731100000026
                                                        },
                                                        "steps_from_proto": {
                                                            "total": 0.05013520000001037,
                                                            "count": 184,
                                                            "is_parallel": true,
                                                            "self": 0.0329321000000693,
                                                            "children": {
                                                                "_process_rank_one_or_two_observation": {
                                                                    "total": 0.017203099999941074,
                                                                    "count": 368,
                                                                    "is_parallel": true,
                                                                    "self": 0.017203099999941074
                                                                }
                                                            }
                                                        }
                                                    }
                                                }
                                            }
                                        }
                                    }
                                }
                            }
                        }
                    }
                },
                "TrainerController._save_models": {
                    "total": 0.12781979999999749,
                    "count": 1,
                    "self": 0.0016280999999906953,
                    "children": {
                        "RLTrainer._checkpoint": {
                            "total": 0.1261917000000068,
                            "count": 1,
                            "self": 0.1261917000000068
                        }
                    }
                }
            }
        }
    }
}