{
    "name": "root",
    "metadata": {
        "timer_format_version": "0.1.0",
        "start_time_seconds": "1621352557",
        "python_version": "3.8.6 (tags/v3.8.6:db45529, Sep 23 2020, 15:52:53) [MSC v.1927 64 bit (AMD64)]",
        "command_line_arguments": "D:\\ProgettoTesi\\Tesi\\venv\\Scripts\\mlagents-learn --force",
        "mlagents_version": "0.25.0",
        "mlagents_envs_version": "0.25.0",
        "communication_protocol_version": "1.5.0",
        "pytorch_version": "1.7.1+cu110",
        "numpy_version": "1.20.2",
        "end_time_seconds": "1621352569"
    },
    "total": 12.3031606,
    "count": 1,
    "self": 0.006700199999999157,
    "children": {
        "run_training.setup": {
            "total": 0.02709740000000016,
            "count": 1,
            "self": 0.02709740000000016
        },
        "TrainerController.start_learning": {
            "total": 12.269363,
            "count": 1,
            "self": 0.002665700000004989,
            "children": {
                "TrainerController._reset_env": {
                    "total": 7.0962365,
                    "count": 1,
                    "self": 7.0962365
                },
                "TrainerController.advance": {
                    "total": 5.059877399999994,
                    "count": 56,
                    "self": 0.0006100999999851808,
                    "children": {
                        "env_step": {
                            "total": 5.059267300000009,
                            "count": 56,
                            "self": 4.610757200000018,
                            "children": {
                                "SubprocessEnvManager._take_step": {
                                    "total": 0.4479418999999929,
                                    "count": 56,
                                    "self": 0.0029812999999947465,
                                    "children": {
                                        "TorchPolicy.evaluate": {
                                            "total": 0.44496059999999815,
                                            "count": 56,
                                            "self": 0.04440420000000245,
                                            "children": {
                                                "TorchPolicy.sample_actions": {
                                                    "total": 0.4005563999999957,
                                                    "count": 56,
                                                    "self": 0.4005563999999957
                                                }
                                            }
                                        }
                                    }
                                },
                                "workers": {
                                    "total": 0.0005681999999982423,
                                    "count": 55,
                                    "self": 0.0,
                                    "children": {
                                        "worker_root": {
                                            "total": 6.3705306999999936,
                                            "count": 55,
                                            "is_parallel": true,
                                            "self": 1.8619220999999966,
                                            "children": {
                                                "steps_from_proto": {
                                                    "total": 0.0005597000000001628,
                                                    "count": 1,
                                                    "is_parallel": true,
                                                    "self": 0.00034959999999983893,
                                                    "children": {
                                                        "_process_rank_one_or_two_observation": {
                                                            "total": 0.00021010000000032392,
                                                            "count": 2,
                                                            "is_parallel": true,
                                                            "self": 0.00021010000000032392
                                                        }
                                                    }
                                                },
                                                "UnityEnvironment.step": {
                                                    "total": 4.508048899999997,
                                                    "count": 55,
                                                    "is_parallel": true,
                                                    "self": 0.0032842999999997957,
                                                    "children": {
                                                        "UnityEnvironment._generate_step_input": {
                                                            "total": 0.007431200000002747,
                                                            "count": 55,
                                                            "is_parallel": true,
                                                            "self": 0.007431200000002747
                                                        },
                                                        "communicator.exchange": {
                                                            "total": 4.482530500000003,
                                                            "count": 55,
                                                            "is_parallel": true,
                                                            "self": 4.482530500000003
                                                        },
                                                        "steps_from_proto": {
                                                            "total": 0.014802899999991403,
                                                            "count": 55,
                                                            "is_parallel": true,
                                                            "self": 0.00958009999999021,
                                                            "children": {
                                                                "_process_rank_one_or_two_observation": {
                                                                    "total": 0.005222800000001193,
                                                                    "count": 110,
                                                                    "is_parallel": true,
                                                                    "self": 0.005222800000001193
                                                                }
                                                            }
                                                        }
                                                    }
                                                }
                                            }
                                        }
                                    }
                                }
                            }
                        }
                    }
                },
                "trainer_threads": {
                    "total": 1.6600000000366322e-05,
                    "count": 1,
                    "self": 1.6600000000366322e-05,
                    "children": {
                        "thread_root": {
                            "total": 0.0,
                            "count": 0,
                            "is_parallel": true,
                            "self": 0.0,
                            "children": {
                                "trainer_advance": {
                                    "total": 5.0554109,
                                    "count": 329,