{
    "name": "root",
    "metadata": {
        "timer_format_version": "0.1.0",
        "start_time_seconds": "1621074801",
        "python_version": "3.8.6 (tags/v3.8.6:db45529, Sep 23 2020, 15:52:53) [MSC v.1927 64 bit (AMD64)]",
        "command_line_arguments": "D:\\ProgettoTesi\\Tesi\\venv\\Scripts\\mlagents-learn --force",
        "mlagents_version": "0.25.0",
        "mlagents_envs_version": "0.25.0",
        "communication_protocol_version": "1.5.0",
        "pytorch_version": "1.7.1+cu110",
        "numpy_version": "1.20.2",
        "end_time_seconds": "1621074931"
    },
    "total": 130.0228612,
    "count": 1,
    "self": 0.003970199999997703,
    "children": {
        "run_training.setup": {
            "total": 0.04121190000000019,
            "count": 1,
            "self": 0.04121190000000019
        },
        "TrainerController.start_learning": {
            "total": 129.9776791,
            "count": 1,
            "self": 0.005339399999968464,
            "children": {
                "TrainerController._reset_env": {
                    "total": 28.7313924,
                    "count": 1,
                    "self": 28.7313924
                },
                "TrainerController.advance": {
                    "total": 101.04070390000001,
                    "count": 135,
                    "self": 0.0026761999999393993,
                    "children": {
                        "env_step": {
                            "total": 101.03802770000007,
                            "count": 135,
                            "self": 99.26401100000007,
                            "children": {
                                "SubprocessEnvManager._take_step": {
                                    "total": 1.7715002999999712,
                                    "count": 135,
                                    "self": 0.012598400000005228,
                                    "children": {
                                        "TorchPolicy.evaluate": {
                                            "total": 1.758901899999966,
                                            "count": 135,
                                            "self": 0.24001779999984763,
                                            "children": {
                                                "TorchPolicy.sample_actions": {
                                                    "total": 1.5188841000001183,
                                                    "count": 135,
                                                    "self": 1.5188841000001183
                                                }
                                            }
                                        }
                                    }
                                },
                                "workers": {
                                    "total": 0.002516400000029506,
                                    "count": 134,
                                    "self": 0.0,
                                    "children": {
                                        "worker_root": {
                                            "total": 43.75966060000002,
                                            "count": 134,
                                            "is_parallel": true,
                                            "self": 4.818218000000002,
                                            "children": {
                                                "steps_from_proto": {
                                                    "total": 0.0004325999999998942,
                                                    "count": 1,
                                                    "is_parallel": true,
                                                    "self": 0.00026769999999842753,
                                                    "children": {
                                                        "_process_rank_one_or_two_observation": {
                                                            "total": 0.00016490000000146665,
                                                            "count": 2,
                                                            "is_parallel": true,
                                                            "self": 0.00016490000000146665
                                                        }
                                                    }
                                                },
                                                "UnityEnvironment.step": {
                                                    "total": 38.94101000000001,
                                                    "count": 134,
                                                    "is_parallel": true,
                                                    "self": 0.017657100000057824,
                                                    "children": {
                                                        "UnityEnvironment._generate_step_input": {
                                                            "total": 0.05164050000000131,
                                                            "count": 134,
                                                            "is_parallel": true,
                                                            "self": 0.05164050000000131
                                                        },
                                                        "communicator.exchange": {
                                                            "total": 38.79218190000002,
                                                            "count": 134,
                                                            "is_parallel": true,
                                                            "self": 38.79218190000002
                                                        },
                                                        "steps_from_proto": {
                                                            "total": 0.07953049999993311,
                                                            "count": 134,
                                                            "is_parallel": true,
                                                            "self": 0.05518599999991025,
                                                            "children": {
                                                                "_process_rank_one_or_two_observation": {
                                                                    "total": 0.024344500000022862,
                                                                    "count": 268,
                                                                    "is_parallel": true,
                                                                    "self": 0.024344500000022862
                                                                }
                                                            }
                                                        }
                                                    }
                                                }
                                            }
                                        }
                                    }
                                }
                            }
                        }
                    }
                },
                "TrainerController._save_models": {
                    "total": 0.20024340000000507,
                    "count": 1,
                    "self": 0.0022575999999787655,
                    "children": {
                        "RLTrainer._checkpoint": {
                            "total": 0.1979858000000263,
                            "count": 1,
                            "self": 0.1979858000000263
                        }
                    }
                }
            }
        }
    }
}