{
    "name": "root",
    "metadata": {
        "timer_format_version": "0.1.0",
        "start_time_seconds": "1621875197",
        "python_version": "3.8.6 (tags/v3.8.6:db45529, Sep 23 2020, 15:52:53) [MSC v.1927 64 bit (AMD64)]",
        "command_line_arguments": "D:\\ProgettoTesi\\Tesi\\venv\\Scripts\\mlagents-learn --force",
        "mlagents_version": "0.25.0",
        "mlagents_envs_version": "0.25.0",
        "communication_protocol_version": "1.5.0",
        "pytorch_version": "1.7.1+cu110",
        "numpy_version": "1.20.2",
        "end_time_seconds": "1621875275"
    },
    "total": 77.5068561,
    "count": 1,
    "self": 0.0038011000000039985,
    "children": {
        "run_training.setup": {
            "total": 0.025609400000000004,
            "count": 1,
            "self": 0.025609400000000004
        },
        "TrainerController.start_learning": {
            "total": 77.4774456,
            "count": 1,
            "self": 0.02591970000004551,
            "children": {
                "TrainerController._reset_env": {
                    "total": 8.013578899999999,
                    "count": 1,
                    "self": 8.013578899999999
                },
                "TrainerController.advance": {
                    "total": 69.33300249999994,
                    "count": 947,
                    "self": 0.009301299999961543,
                    "children": {
                        "env_step": {
                            "total": 69.32370119999997,
                            "count": 947,
                            "self": 66.47722279999988,
                            "children": {
                                "SubprocessEnvManager._take_step": {
                                    "total": 2.836849799999941,
                                    "count": 947,
                                    "self": 0.04405730000013364,
                                    "children": {
                                        "TorchPolicy.evaluate": {
                                            "total": 2.7927924999998073,
                                            "count": 947,
                                            "self": 0.74825149999978,
                                            "children": {
                                                "TorchPolicy.sample_actions": {
                                                    "total": 2.0445410000000273,
                                                    "count": 947,
                                                    "self": 2.0445410000000273
                                                }
                                            }
                                        }
                                    }
                                },
                                "workers": {
                                    "total": 0.009628600000160858,
                                    "count": 946,
                                    "self": 0.0,
                                    "children": {
                                        "worker_root": {
                                            "total": 70.63048050000013,
                                            "count": 946,
                                            "is_parallel": true,
                                            "self": 4.9765633000001515,
                                            "children": {
                                                "steps_from_proto": {
                                                    "total": 0.0003514000000004458,
                                                    "count": 1,
                                                    "is_parallel": true,
                                                    "self": 0.00020200000000070162,
                                                    "children": {
                                                        "_process_rank_one_or_two_observation": {
                                                            "total": 0.00014939999999974418,
                                                            "count": 2,
                                                            "is_parallel": true,
                                                            "self": 0.00014939999999974418
                                                        }
                                                    }
                                                },
                                                "UnityEnvironment.step": {
                                                    "total": 65.65356579999998,
                                                    "count": 946,
                                                    "is_parallel": true,
                                                    "self": 0.054115100000231564,
                                                    "children": {
                                                        "UnityEnvironment._generate_step_input": {
                                                            "total": 0.12045170000007488,
                                                            "count": 946,
                                                            "is_parallel": true,
                                                            "self": 0.12045170000007488
                                                        },
                                                        "communicator.exchange": {
                                                            "total": 65.23014389999985,
                                                            "count": 946,
                                                            "is_parallel": true,
                                                            "self": 65.23014389999985
                                                        },
                                                        "steps_from_proto": {
                                                            "total": 0.24885509999982958,
                                                            "count": 946,
                                                            "is_parallel": true,
                                                            "self": 0.16299749999960156,
                                                            "children": {
                                                                "_process_rank_one_or_two_observation": {
                                                                    "total": 0.08585760000022802,
                                                                    "count": 1892,
                                                                    "is_parallel": true,
                                                                    "self": 0.08585760000022802
                                                                }
                                                            }
                                                        }
                                                    }
                                                }
                                            }
                                        }
                                    }
                                }
                            }
                        }
                    }
                },
                "trainer_threads": {
                    "total": 1.5100000013035242e-05,
                    "count": 1,
                    "self": 1.5100000013035242e-05,
                    "children": {
                        "thread_root": {
                            "total": 0.0,
                            "count": 0,
                            "is_parallel": true,
                            "self": 0.0,
                            "children": {
                                "trainer_advance": {
                                    "total": 69.27586619999998,