{
    "name": "root",
    "metadata": {
        "timer_format_version": "0.1.0",
        "start_time_seconds": "1621095571",
        "python_version": "3.8.6 (tags/v3.8.6:db45529, Sep 23 2020, 15:52:53) [MSC v.1927 64 bit (AMD64)]",
        "command_line_arguments": "D:\\ProgettoTesi\\Tesi\\venv\\Scripts\\mlagents-learn --force",
        "mlagents_version": "0.25.0",
        "mlagents_envs_version": "0.25.0",
        "communication_protocol_version": "1.5.0",
        "pytorch_version": "1.7.1+cu110",
        "numpy_version": "1.20.2",
        "end_time_seconds": "1621095647"
    },
    "total": 75.7351318,
    "count": 1,
    "self": 0.003941300000008141,
    "children": {
        "run_training.setup": {
            "total": 0.027090899999999918,
            "count": 1,
            "self": 0.027090899999999918
        },
        "TrainerController.start_learning": {
            "total": 75.70409959999999,
            "count": 1,
            "self": 0.0008462999999920839,
            "children": {
                "TrainerController._reset_env": {
                    "total": 10.9662733,
                    "count": 1,
                    "self": 10.9662733
                },
                "TrainerController.advance": {
                    "total": 64.6028925,
                    "count": 36,
                    "self": 0.0003679000000005317,
                    "children": {
                        "env_step": {
                            "total": 64.6025246,
                            "count": 36,
                            "self": 64.20157769999997,
                            "children": {
                                "SubprocessEnvManager._take_step": {
                                    "total": 0.40061220000001185,
                                    "count": 36,
                                    "self": 0.0016979000000159061,
                                    "children": {
                                        "TorchPolicy.evaluate": {
                                            "total": 0.39891429999999595,
                                            "count": 36,
                                            "self": 0.029189799999995714,
                                            "children": {
                                                "TorchPolicy.sample_actions": {
                                                    "total": 0.36972450000000023,
                                                    "count": 36,
                                                    "self": 0.36972450000000023
                                                }
                                            }
                                        }
                                    }
                                },
                                "workers": {
                                    "total": 0.00033470000000335176,
                                    "count": 35,
                                    "self": 0.0,
                                    "children": {
                                        "worker_root": {
                                            "total": 6.004325399999999,
                                            "count": 35,
                                            "is_parallel": true,
                                            "self": 1.9045100000000073,
                                            "children": {
                                                "steps_from_proto": {
                                                    "total": 0.00034030000000129235,
                                                    "count": 1,
                                                    "is_parallel": true,
                                                    "self": 0.00019890000000089003,
                                                    "children": {
                                                        "_process_rank_one_or_two_observation": {
                                                            "total": 0.00014140000000040231,
                                                            "count": 2,
                                                            "is_parallel": true,
                                                            "self": 0.00014140000000040231
                                                        }
                                                    }
                                                },
                                                "UnityEnvironment.step": {
                                                    "total": 4.0994750999999905,
                                                    "count": 35,
                                                    "is_parallel": true,
                                                    "self": 0.0020912999999875836,
                                                    "children": {
                                                        "UnityEnvironment._generate_step_input": {
                                                            "total": 0.0046867000000041514,
                                                            "count": 35,
                                                            "is_parallel": true,
                                                            "self": 0.0046867000000041514
                                                        },
                                                        "communicator.exchange": {
                                                            "total": 4.082802599999999,
                                                            "count": 35,
                                                            "is_parallel": true,
                                                            "self": 4.082802599999999
                                                        },
                                                        "steps_from_proto": {
                                                            "total": 0.009894499999999695,
                                                            "count": 35,
                                                            "is_parallel": true,
                                                            "self": 0.0064567000000028685,
                                                            "children": {
                                                                "_process_rank_one_or_two_observation": {
                                                                    "total": 0.0034377999999968267,
                                                                    "count": 70,
                                                                    "is_parallel": true,
                                                                    "self": 0.0034377999999968267
                                                                }
                                                            }
                                                        }
                                                    }
                                                }
                                            }
                                        }
                                    }
                                }
                            }
                        }
                    }
                },
                "TrainerController._save_models": {
                    "total": 0.1340875000000068,
                    "count": 1,
                    "self": 0.0027445000000057007,
                    "children": {
                        "RLTrainer._checkpoint": {
                            "total": 0.1313430000000011,
                            "count": 1,
                            "self": 0.1313430000000011
                        }
                    }
                }
            }
        }
    }
}