{
    "name": "root",
    "metadata": {
        "timer_format_version": "0.1.0",
        "start_time_seconds": "1621593485",
        "python_version": "3.8.6 (tags/v3.8.6:db45529, Sep 23 2020, 15:52:53) [MSC v.1927 64 bit (AMD64)]",
        "command_line_arguments": "D:\\ProgettoTesi\\Tesi\\venv\\Scripts\\mlagents-learn --force",
        "mlagents_version": "0.25.0",
        "mlagents_envs_version": "0.25.0",
        "communication_protocol_version": "1.5.0",
        "pytorch_version": "1.7.1+cu110",
        "numpy_version": "1.20.2",
        "end_time_seconds": "1621593736"
    },
    "total": 250.5396556,
    "count": 1,
    "self": 0.0030532000000107473,
    "children": {
        "run_training.setup": {
            "total": 0.026634999999999964,
            "count": 1,
            "self": 0.026634999999999964
        },
        "TrainerController.start_learning": {
            "total": 250.5099674,
            "count": 1,
            "self": 0.060507500000312575,
            "children": {
                "TrainerController._reset_env": {
                    "total": 6.3219748000000004,
                    "count": 1,
                    "self": 6.3219748000000004
                },
                "TrainerController.advance": {
                    "total": 244.0426628999997,
                    "count": 2478,
                    "self": 0.02482559999967293,
                    "children": {
                        "env_step": {
                            "total": 244.01783730000002,
                            "count": 2478,
                            "self": 236.91617499999973,
                            "children": {
                                "SubprocessEnvManager._take_step": {
                                    "total": 7.07577889999964,
                                    "count": 2478,
                                    "self": 0.12612069999954834,
                                    "children": {
                                        "TorchPolicy.evaluate": {
                                            "total": 6.9496582000000915,
                                            "count": 2478,
                                            "self": 2.022982000000207,
                                            "children": {
                                                "TorchPolicy.sample_actions": {
                                                    "total": 4.926676199999885,
                                                    "count": 2478,
                                                    "self": 4.926676199999885
                                                }
                                            }
                                        }
                                    }
                                },
                                "workers": {
                                    "total": 0.025883400000649814,
                                    "count": 2477,
                                    "self": 0.0,
                                    "children": {
                                        "worker_root": {
                                            "total": 245.28801019999992,
                                            "count": 2477,
                                            "is_parallel": true,
                                            "self": 10.595340000000164,
                                            "children": {
                                                "steps_from_proto": {
                                                    "total": 0.00032630000000022363,
                                                    "count": 1,
                                                    "is_parallel": true,
                                                    "self": 0.0001857000000002884,
                                                    "children": {
                                                        "_process_rank_one_or_two_observation": {
                                                            "total": 0.00014059999999993522,
                                                            "count": 2,
                                                            "is_parallel": true,
                                                            "self": 0.00014059999999993522
                                                        }
                                                    }
                                                },
                                                "UnityEnvironment.step": {
                                                    "total": 234.69234389999974,
                                                    "count": 2477,
                                                    "is_parallel": true,
                                                    "self": 0.1448771000005138,
                                                    "children": {
                                                        "UnityEnvironment._generate_step_input": {
                                                            "total": 0.33403089999976476,
                                                            "count": 2477,
                                                            "is_parallel": true,
                                                            "self": 0.33403089999976476
                                                        },
                                                        "communicator.exchange": {
                                                            "total": 233.55327369999983,
                                                            "count": 2477,
                                                            "is_parallel": true,
                                                            "self": 233.55327369999983
                                                        },
                                                        "steps_from_proto": {
                                                            "total": 0.6601621999996192,
                                                            "count": 2477,
                                                            "is_parallel": true,
                                                            "self": 0.43382509999828933,
                                                            "children": {
                                                                "_process_rank_one_or_two_observation": {
                                                                    "total": 0.2263371000013299,
                                                                    "count": 4954,
                                                                    "is_parallel": true,
                                                                    "self": 0.2263371000013299
                                                                }
                                                            }
                                                        }
                                                    }
                                                }
                                            }
                                        }
                                    }
                                }
                            }
                        }
                    }
                },
                "trainer_threads": {
                    "total": 1.3499999994337486e-05,
                    "count": 1,
                    "self": 1.3499999994337486e-05,
                    "children": {
                        "thread_root": {
                            "total": 0.0,
                            "count": 0,
                            "is_parallel": true,
                            "self": 0.0,
                            "children": {
                                "trainer_advance": {
                                    "total": 243.7982319999997,