{
    "name": "root",
    "metadata": {
        "timer_format_version": "0.1.0",
        "start_time_seconds": "1622109588",
        "python_version": "3.8.6 (tags/v3.8.6:db45529, Sep 23 2020, 15:52:53) [MSC v.1927 64 bit (AMD64)]",
        "command_line_arguments": "D:\\ProgettoTesi\\Tesi\\venv\\Scripts\\mlagents-learn --force",
        "mlagents_version": "0.25.0",
        "mlagents_envs_version": "0.25.0",
        "communication_protocol_version": "1.5.0",
        "pytorch_version": "1.7.1+cu110",
        "numpy_version": "1.20.2",
        "end_time_seconds": "1622109949"
    },
    "total": 360.5444377,
    "count": 1,
    "self": 0.005738699999938035,
    "children": {
        "run_training.setup": {
            "total": 0.026304899999999964,
            "count": 1,
            "self": 0.026304899999999964
        },
        "TrainerController.start_learning": {
            "total": 360.51239410000005,
            "count": 1,
            "self": 0.11764570000030972,
            "children": {
                "TrainerController._reset_env": {
                    "total": 8.5983266,
                    "count": 1,
                    "self": 8.5983266
                },
                "TrainerController.advance": {
                    "total": 351.68688129999975,
                    "count": 5689,
                    "self": 0.05557589999841639,
                    "children": {
                        "env_step": {
                            "total": 351.63130540000134,
                            "count": 5689,
                            "self": 335.81737590000324,
                            "children": {
                                "SubprocessEnvManager._take_step": {
                                    "total": 15.75469949999871,
                                    "count": 5689,
                                    "self": 0.26135529999945106,
                                    "children": {
                                        "TorchPolicy.evaluate": {
                                            "total": 15.493344199999258,
                                            "count": 5689,
                                            "self": 4.495476500001217,
                                            "children": {
                                                "TorchPolicy.sample_actions": {
                                                    "total": 10.997867699998041,
                                                    "count": 5689,
                                                    "self": 10.997867699998041
                                                }
                                            }
                                        }
                                    }
                                },
                                "workers": {
                                    "total": 0.05922999999938661,
                                    "count": 5688,
                                    "self": 0.0,
                                    "children": {
                                        "worker_root": {
                                            "total": 352.97364480000135,
                                            "count": 5688,
                                            "is_parallel": true,
                                            "self": 21.91321450000106,
                                            "children": {
                                                "steps_from_proto": {
                                                    "total": 0.0003688999999997833,
                                                    "count": 1,
                                                    "is_parallel": true,
                                                    "self": 0.00021439999999994797,
                                                    "children": {
                                                        "_process_rank_one_or_two_observation": {
                                                            "total": 0.00015449999999983532,
                                                            "count": 2,
                                                            "is_parallel": true,
                                                            "self": 0.00015449999999983532
                                                        }
                                                    }
                                                },
                                                "UnityEnvironment.step": {
                                                    "total": 331.0600614000003,
                                                    "count": 5688,
                                                    "is_parallel": true,
                                                    "self": 0.31949709999753395,
                                                    "children": {
                                                        "UnityEnvironment._generate_step_input": {
                                                            "total": 0.7276283999992952,
                                                            "count": 5688,
                                                            "is_parallel": true,
                                                            "self": 0.7276283999992952
                                                        },
                                                        "communicator.exchange": {
                                                            "total": 328.5200163000008,
                                                            "count": 5688,
                                                            "is_parallel": true,
                                                            "self": 328.5200163000008
                                                        },
                                                        "steps_from_proto": {
                                                            "total": 1.4929196000026792,
                                                            "count": 5688,
                                                            "is_parallel": true,
                                                            "self": 0.972646300004298,
                                                            "children": {
                                                                "_process_rank_one_or_two_observation": {
                                                                    "total": 0.5202732999983812,
                                                                    "count": 11376,
                                                                    "is_parallel": true,
                                                                    "self": 0.5202732999983812
                                                                }
                                                            }
                                                        }
                                                    }
                                                }
                                            }
                                        }
                                    }
                                }
                            }
                        }
                    }
                },
                "trainer_threads": {
                    "total": 2.2299999955066596e-05,
                    "count": 1,
                    "self": 2.2299999955066596e-05,
                    "children": {
                        "thread_root": {
                            "total": 0.0,
                            "count": 0,
                            "is_parallel": true,
                            "self": 0.0,
                            "children": {
                                "trainer_advance": {
                                    "total": 351.3908053000016,