{
    "name": "root",
    "metadata": {
        "timer_format_version": "0.1.0",
        "start_time_seconds": "1622217759",
        "python_version": "3.8.6 (tags/v3.8.6:db45529, Sep 23 2020, 15:52:53) [MSC v.1927 64 bit (AMD64)]",
        "command_line_arguments": "D:\\ProgettoTesi\\Tesi\\venv\\Scripts\\mlagents-learn config/BossCombact.yaml --run-id=Test20",
        "mlagents_version": "0.25.0",
        "mlagents_envs_version": "0.25.0",
        "communication_protocol_version": "1.5.0",
        "pytorch_version": "1.7.1+cu110",
        "numpy_version": "1.20.2",
        "end_time_seconds": "1622218018"
    },
    "total": 259.1401639,
    "count": 1,
    "self": 0.007774299999994128,
    "children": {
        "run_training.setup": {
            "total": 0.1035294,
            "count": 1,
            "self": 0.1035294
        },
        "TrainerController.start_learning": {
            "total": 259.0288602,
            "count": 1,
            "self": 0.09170579999965867,
            "children": {
                "TrainerController._reset_env": {
                    "total": 9.523577999999999,
                    "count": 1,
                    "self": 9.523577999999999
                },
                "TrainerController.advance": {
                    "total": 249.3305251000003,
                    "count": 3798,
                    "self": 0.037974099999473765,
                    "children": {
                        "env_step": {
                            "total": 249.29255100000083,
                            "count": 3798,
                            "self": 240.97166900000005,
                            "children": {
                                "SubprocessEnvManager._take_step": {
                                    "total": 8.281826499999744,
                                    "count": 3798,
                                    "self": 0.1675420000001715,
                                    "children": {
                                        "TorchPolicy.evaluate": {
                                            "total": 8.114284499999572,
                                            "count": 3798,
                                            "self": 2.9962403000006628,
                                            "children": {
                                                "TorchPolicy.sample_actions": {
                                                    "total": 5.118044199998909,
                                                    "count": 3798,
                                                    "self": 5.118044199998909
                                                }
                                            }
                                        }
                                    }
                                },
                                "workers": {
                                    "total": 0.03905550000103375,
                                    "count": 3797,
                                    "self": 0.0,
                                    "children": {
                                        "worker_root": {
                                            "total": 250.65713089999946,
                                            "count": 3797,
                                            "is_parallel": true,
                                            "self": 12.772607300000402,
                                            "children": {
                                                "steps_from_proto": {
                                                    "total": 0.0003603000000005352,
                                                    "count": 1,
                                                    "is_parallel": true,
                                                    "self": 0.00021910000000069374,
                                                    "children": {
                                                        "_process_rank_one_or_two_observation": {
                                                            "total": 0.00014119999999984145,
                                                            "count": 2,
                                                            "is_parallel": true,
                                                            "self": 0.00014119999999984145
                                                        }
                                                    }
                                                },
                                                "UnityEnvironment.step": {
                                                    "total": 237.88416329999905,
                                                    "count": 3797,
                                                    "is_parallel": true,
                                                    "self": 0.21563889999842445,
                                                    "children": {
                                                        "UnityEnvironment._generate_step_input": {
                                                            "total": 0.4579657000000079,
                                                            "count": 3797,
                                                            "is_parallel": true,
                                                            "self": 0.4579657000000079
                                                        },
                                                        "communicator.exchange": {
                                                            "total": 236.2587115,
                                                            "count": 3797,
                                                            "is_parallel": true,
                                                            "self": 236.2587115
                                                        },
                                                        "steps_from_proto": {
                                                            "total": 0.9518472000006,
                                                            "count": 3797,
                                                            "is_parallel": true,
                                                            "self": 0.6190501000001785,
                                                            "children": {
                                                                "_process_rank_one_or_two_observation": {
                                                                    "total": 0.3327971000004215,
                                                                    "count": 7594,
                                                                    "is_parallel": true,
                                                                    "self": 0.3327971000004215
                                                                }
                                                            }
                                                        }
                                                    }
                                                }
                                            }
                                        }
                                    }
                                }
                            }
                        }
                    }
                },
                "trainer_threads": {
                    "total": 1.5599999983351154e-05,
                    "count": 1,
                    "self": 1.5599999983351154e-05,
                    "children": {
                        "thread_root": {
                            "total": 0.0,
                            "count": 0,
                            "is_parallel": true,
                            "self": 0.0,
                            "children": {
                                "trainer_advance": {
                                    "total": 249.10755229999953,