{
    "name": "root",
    "metadata": {
        "timer_format_version": "0.1.0",
        "start_time_seconds": "1622214308",
        "python_version": "3.8.6 (tags/v3.8.6:db45529, Sep 23 2020, 15:52:53) [MSC v.1927 64 bit (AMD64)]",
        "command_line_arguments": "D:\\ProgettoTesi\\Tesi\\venv\\Scripts\\mlagents-learn --run-id=Test7",
        "mlagents_version": "0.25.0",
        "mlagents_envs_version": "0.25.0",
        "communication_protocol_version": "1.5.0",
        "pytorch_version": "1.7.1+cu110",
        "numpy_version": "1.20.2",
        "end_time_seconds": "1622214329"
    },
    "total": 20.653494,
    "count": 1,
    "self": 0.005471800000002247,
    "children": {
        "run_training.setup": {
            "total": 0.03334180000000009,
            "count": 1,
            "self": 0.03334180000000009
        },
        "TrainerController.start_learning": {
            "total": 20.614680399999997,
            "count": 1,
            "self": 0.016097999999992396,
            "children": {
                "TrainerController._reset_env": {
                    "total": 7.461348899999999,
                    "count": 1,
                    "self": 7.461348899999999
                },
                "TrainerController.advance": {
                    "total": 13.036001500000005,
                    "count": 205,
                    "self": 0.002072000000010732,
                    "children": {
                        "env_step": {
                            "total": 13.033929499999994,
                            "count": 205,
                            "self": 12.329589399999987,
                            "children": {
                                "SubprocessEnvManager._take_step": {
                                    "total": 0.702330200000004,
                                    "count": 205,
                                    "self": 0.008875799999996659,
                                    "children": {
                                        "TorchPolicy.evaluate": {
                                            "total": 0.6934544000000074,
                                            "count": 205,
                                            "self": 0.16247539999999638,
                                            "children": {
                                                "TorchPolicy.sample_actions": {
                                                    "total": 0.530979000000011,
                                                    "count": 205,
                                                    "self": 0.530979000000011
                                                }
                                            }
                                        }
                                    }
                                },
                                "workers": {
                                    "total": 0.0020099000000026734,
                                    "count": 204,
                                    "self": 0.0,
                                    "children": {
                                        "worker_root": {
                                            "total": 14.284394300000024,
                                            "count": 204,
                                            "is_parallel": true,
                                            "self": 2.180202700000013,
                                            "children": {
                                                "steps_from_proto": {
                                                    "total": 0.00035959999999946035,
                                                    "count": 1,
                                                    "is_parallel": true,
                                                    "self": 0.00020459999999999923,
                                                    "children": {
                                                        "_process_rank_one_or_two_observation": {
                                                            "total": 0.00015499999999946112,
                                                            "count": 2,
                                                            "is_parallel": true,
                                                            "self": 0.00015499999999946112
                                                        }
                                                    }
                                                },
                                                "UnityEnvironment.step": {
                                                    "total": 12.103832000000011,
                                                    "count": 204,
                                                    "is_parallel": true,
                                                    "self": 0.011112300000055697,
                                                    "children": {
                                                        "UnityEnvironment._generate_step_input": {
                                                            "total": 0.02395599999998499,
                                                            "count": 204,
                                                            "is_parallel": true,
                                                            "self": 0.02395599999998499
                                                        },
                                                        "communicator.exchange": {
                                                            "total": 12.016999899999991,
                                                            "count": 204,
                                                            "is_parallel": true,
                                                            "self": 12.016999899999991
                                                        },
                                                        "steps_from_proto": {
                                                            "total": 0.051763799999980264,
                                                            "count": 204,
                                                            "is_parallel": true,
                                                            "self": 0.033727699999985816,
                                                            "children": {
                                                                "_process_rank_one_or_two_observation": {
                                                                    "total": 0.018036099999994448,
                                                                    "count": 408,
                                                                    "is_parallel": true,
                                                                    "self": 0.018036099999994448
                                                                }
                                                            }
                                                        }
                                                    }
                                                }
                                            }
                                        }
                                    }
                                }
                            }
                        }
                    }
                },
                "trainer_threads": {
                    "total": 1.3800000001396029e-05,
                    "count": 1,
                    "self": 1.3800000001396029e-05,
                    "children": {
                        "thread_root": {
                            "total": 0.0,
                            "count": 0,
                            "is_parallel": true,
                            "self": 0.0,
                            "children": {
                                "trainer_advance": {
                                    "total": 13.0356562,