{
    "name": "root",
    "gauges": {
        "MovingBrain.Policy.Entropy.mean": {
            "value": 1.3842958211898804,
            "min": 1.3842958211898804,
            "max": 1.4189382791519165,
            "count": 5
        },
        "MovingBrain.Policy.Entropy.sum": {
            "value": 13856.80078125,
            "min": 13856.80078125,
            "max": 14212.0859375,
            "count": 5
        },
        "MovingBrain.Environment.EpisodeLength.mean": {
            "value": 103.82222222222222,
            "min": 12.372496662216289,
            "max": 103.82222222222222,
            "count": 5
        },
        "MovingBrain.Environment.EpisodeLength.sum": {
            "value": 9344.0,
            "min": 9267.0,
            "max": 9857.0,
            "count": 5
        },
        "MovingBrain.Policy.ExtrinsicValueEstimate.mean": {
            "value": -0.34025469422340393,
            "min": -0.34025469422340393,
            "max": 0.875420331954956,
            "count": 5
        },
        "MovingBrain.Policy.ExtrinsicValueEstimate.sum": {
            "value": -69.07170104980469,
            "min": -69.07170104980469,
            "max": 659.1915283203125,
            "count": 5
        },
        "MovingBrain.Environment.CumulativeReward.mean": {
            "value": -0.789011000931918,
            "min": -0.789011000931918,
            "max": -0.758695664094842,
            "count": 5
        },
        "MovingBrain.Environment.CumulativeReward.sum": {
            "value": -71.80000108480453,
            "min": -576.4000089168549,
            "max": -71.80000108480453,
            "count": 5
        },
        "MovingBrain.Policy.ExtrinsicReward.mean": {
            "value": -0.789011000931918,
            "min": -0.789011000931918,
            "max": -0.758695664094842,
            "count": 5
        },
        "MovingBrain.Policy.ExtrinsicReward.sum": {
            "value": -71.80000108480453,
            "min": -576.4000089168549,
            "max": -71.80000108480453,
            "count": 5
        },
        "MovingBrain.IsTraining.mean": {
            "value": 1.0,
            "min": 1.0,
            "max": 1.0,
            "count": 5
        },
        "MovingBrain.IsTraining.sum": {
            "value": 1.0,
            "min": 1.0,
            "max": 1.0,
            "count": 5
        },
        "MovingBrain.Losses.PolicyLoss.mean": {
            "value": 0.03501475510808329,
            "min": 0.033277496322989465,
            "max": 0.03587113975857695,
            "count": 4
        },
        "MovingBrain.Losses.PolicyLoss.sum": {
            "value": 0.03501475510808329,
            "min": 0.033277496322989465,
            "max": 0.03587113975857695,
            "count": 4
        },
        "MovingBrain.Losses.ValueLoss.mean": {
            "value": 0.02996533631036679,
            "min": 0.02996533631036679,
            "max": 1.350318451722463,
            "count": 4
        },
        "MovingBrain.Losses.ValueLoss.sum": {
            "value": 0.02996533631036679,
            "min": 0.02996533631036679,
            "max": 1.350318451722463,
            "count": 4
        },
        "MovingBrain.Policy.LearningRate.mean": {
            "value": 0.0002753622082126,
            "min": 0.0002753622082126,
            "max": 0.00029385000205000005,
            "count": 4
        },
        "MovingBrain.Policy.LearningRate.sum": {
            "value": 0.0002753622082126,
            "min": 0.0002753622082126,
            "max": 0.00029385000205000005,
            "count": 4
        },
        "MovingBrain.Policy.Epsilon.mean": {
            "value": 0.19178740000000002,
            "min": 0.19178740000000002,
            "max": 0.19795000000000007,
            "count": 4
        },
        "MovingBrain.Policy.Epsilon.sum": {
            "value": 0.19178740000000002,
            "min": 0.19178740000000002,
            "max": 0.19795000000000007,
            "count": 4
        },
        "MovingBrain.Policy.Beta.mean": {
            "value": 0.004590191259999999,
            "min": 0.004590191259999999,
            "max": 0.004897705,
            "count": 4
        },
        "MovingBrain.Policy.Beta.sum": {
            "value": 0.004590191259999999,
            "min": 0.004590191259999999,
            "max": 0.004897705,
            "count": 4
        }
    },
    "metadata": {
        "timer_format_version": "0.1.0",
        "start_time_seconds": "1625130730",
        "python_version": "3.8.6 (tags/v3.8.6:db45529, Sep 23 2020, 15:52:53) [MSC v.1927 64 bit (AMD64)]",
        "command_line_arguments": "D:\\ProgettoTesi\\Tesi\\venv\\Scripts\\mlagents-learn config/MovingBrain.yaml --run-id=MovBrnTwoPoint",
        "mlagents_version": "0.25.0",
        "mlagents_envs_version": "0.25.0",
        "communication_protocol_version": "1.5.0",
        "pytorch_version": "1.7.1+cu110",
        "numpy_version": "1.20.2",
        "end_time_seconds": "1625152929"
    },
    "total": 22199.068763500003,
    "count": 1,
    "self": 0.09599080000043614,
    "children": {
        "run_training.setup": {
            "total": 0.16463910000000048,
            "count": 1,
            "self": 0.16463910000000048
        },
        "TrainerController.start_learning": {
            "total": 22198.808133600003,
            "count": 1,
            "self": 1.270203800217132,
            "children": {
                "TrainerController._reset_env": {
                    "total": 22.468427400000003,
                    "count": 1,
                    "self": 22.468427400000003
                },
                "TrainerController.advance": {
                    "total": 22172.630696999786,
                    "count": 56459,
                    "self": 0.6046431996583124,
                    "children": {
                        "env_step": {
                            "total": 22172.026053800128,
                            "count": 56459,
                            "self": 22076.6678159998,
                            "children": {
                                "SubprocessEnvManager._take_step": {
                                    "total": 94.73414340006389,
                                    "count": 56459,
                                    "self": 2.8392779998345077,
                                    "children": {
                                        "TorchPolicy.evaluate": {
                                            "total": 91.89486540022938,
                                            "count": 55126,
                                            "self": 33.577069099778114,
                                            "children": {
                                                "TorchPolicy.sample_actions": {
                                                    "total": 58.31779630045126,
                                                    "count": 55126,
                                                    "self": 58.31779630045126
                                                }
                                            }
                                        }
                                    }
                                },
                                "workers": {
                                    "total": 0.6240944002626634,
                                    "count": 56458,
                                    "self": 0.0,
                                    "children": {
                                        "worker_root": {
                                            "total": 22185.513089100008,
                                            "count": 56458,
                                            "is_parallel": true,
                                            "self": 158.40328519984905,
                                            "children": {
                                                "steps_from_proto": {
                                                    "total": 0.042557700000001475,