{
    "name": "root",
    "metadata": {
        "timer_format_version": "0.1.0",
        "start_time_seconds": "1625044931",
        "python_version": "3.8.6 (tags/v3.8.6:db45529, Sep 23 2020, 15:52:53) [MSC v.1927 64 bit (AMD64)]",
        "command_line_arguments": "D:\\ProgettoTesi\\Tesi\\venv\\Scripts\\mlagents-learn config/MovingBrain.yaml --run-id=MovBrnTwoPoint",
        "mlagents_version": "0.25.0",
        "mlagents_envs_version": "0.25.0",
        "communication_protocol_version": "1.5.0",
        "pytorch_version": "1.7.1+cu110",
        "numpy_version": "1.20.2",
        "end_time_seconds": "1625053910"
    },
    "total": 8978.7741996,
    "count": 1,
    "self": 0.007942599999296363,
    "children": {
        "run_training.setup": {
            "total": 0.10981439999999987,
            "count": 1,
            "self": 0.10981439999999987
        },
        "TrainerController.start_learning": {
            "total": 8978.6564426,
            "count": 1,
            "self": 0.49705500006166403,
            "children": {
                "TrainerController._reset_env": {
                    "total": 5.5536331,
                    "count": 1,
                    "self": 5.5536331
                },
                "TrainerController.advance": {
                    "total": 8972.477371499937,
                    "count": 23201,
                    "self": 0.23531459995137993,
                    "children": {
                        "env_step": {
                            "total": 8972.242056899986,
                            "count": 23201,
                            "self": 8934.82779029985,
                            "children": {
                                "SubprocessEnvManager._take_step": {
                                    "total": 37.169260500032614,
                                    "count": 23201,
                                    "self": 1.1377951000589022,
                                    "children": {
                                        "TorchPolicy.evaluate": {
                                            "total": 36.03146539997371,
                                            "count": 22663,
                                            "self": 14.139983499945195,
                                            "children": {
                                                "TorchPolicy.sample_actions": {
                                                    "total": 21.891481900028516,
                                                    "count": 22663,
                                                    "self": 21.891481900028516
                                                }
                                            }
                                        }
                                    }
                                },
                                "workers": {
                                    "total": 0.24500610010314716,
                                    "count": 23200,
                                    "self": 0.0,
                                    "children": {
                                        "worker_root": {
                                            "total": 8913.701109900067,
                                            "count": 23200,
                                            "is_parallel": true,
                                            "self": 59.24976520006021,
                                            "children": {
                                                "steps_from_proto": {
                                                    "total": 0.000251200000000118,
                                                    "count": 1,
                                                    "is_parallel": true,
                                                    "self": 0.00010970000000032343,
                                                    "children": {
                                                        "_process_rank_one_or_two_observation": {
                                                            "total": 0.00014149999999979457,
                                                            "count": 2,
                                                            "is_parallel": true,
                                                            "self": 0.00014149999999979457
                                                        }
                                                    }
                                                },
                                                "UnityEnvironment.step": {
                                                    "total": 8854.451093500007,
                                                    "count": 23200,
                                                    "is_parallel": true,
                                                    "self": 1.2999649998309906,
                                                    "children": {
                                                        "UnityEnvironment._generate_step_input": {
                                                            "total": 2.6394699000139266,
                                                            "count": 23200,
                                                            "is_parallel": true,
                                                            "self": 2.6394699000139266
                                                        },
                                                        "communicator.exchange": {
                                                            "total": 8846.235092900068,
                                                            "count": 23200,
                                                            "is_parallel": true,
                                                            "self": 8846.235092900068
                                                        },
                                                        "steps_from_proto": {
                                                            "total": 4.276565700093781,
                                                            "count": 23200,
                                                            "is_parallel": true,
                                                            "self": 2.2549360001189163,
                                                            "children": {
                                                                "_process_rank_one_or_two_observation": {
                                                                    "total": 2.0216296999748646,
                                                                    "count": 46400,
                                                                    "is_parallel": true,
                                                                    "self": 2.0216296999748646
                                                                }
                                                            }
                                                        }
                                                    }
                                                }
                                            }
                                        }
                                    }
                                }
                            }
                        }
                    }
                },
                "TrainerController._save_models": {
                    "total": 0.12838300000112213,
                    "count": 1,
                    "self": 0.0018643000003066845,
                    "children": {
                        "RLTrainer._checkpoint": {
                            "total": 0.12651870000081544,
                            "count": 1,
                            "self": 0.12651870000081544
                        }
                    }
                }
            }
        }
    }
}