{"cameraMode":{"drawMode":0,"name":"Shaded","section":"Shading Mode"},"sceneLighting":false,"audioPlay":false,"sceneViewState":{"m_AlwaysRefresh":false,"showFog":true,"showSkybox":false,"showFlares":true,"showImageEffects":true,"showParticleSystems":true,"showVisualEffectGraphs":true,"m_FxEnabled":true},"in2DMode":false,"pivot":{"x":6.433228969573975,"y":4.397924423217773,"z":7.375180244445801},"rotation":{"x":-0.14675448834896089,"y":0.01247035525739193,"z":-0.0018497364362701774,"w":-0.9890976548194885},"size":3.1636765003204347,"orthographic":false}