{"cameraMode":{"drawMode":0,"name":"Shaded","section":"Shading Mode"},"sceneLighting":false,"audioPlay":false,"sceneViewState":{"m_AlwaysRefresh":false,"showFog":true,"showSkybox":false,"showFlares":true,"showImageEffects":true,"showParticleSystems":true,"showVisualEffectGraphs":true,"m_FxEnabled":true},"in2DMode":false,"pivot":{"x":-3.9670002460479738,"y":10.133560180664063,"z":0.37750864028930666},"rotation":{"x":-0.011867983266711235,"y":-0.9763542413711548,"z":0.05543120950460434,"w":-0.20945221185684205},"size":13.785558700561524,"orthographic":false}