{"cameraMode":{"drawMode":0,"name":"Shaded","section":"Shading Mode"},"sceneLighting":false,"audioPlay":false,"sceneViewState":{"m_AlwaysRefresh":false,"showFog":true,"showSkybox":false,"showFlares":true,"showImageEffects":true,"showParticleSystems":true,"showVisualEffectGraphs":true,"m_FxEnabled":true},"in2DMode":false,"pivot":{"x":-2.362384796142578,"y":16.806962966918947,"z":-2.2027645111083986},"rotation":{"x":0.0000262844860117184,"y":-1.000163197517395,"z":-0.004792889580130577,"w":-0.0013209114549681545},"size":20.91025733947754,"orthographic":false}