{"cameraMode":{"drawMode":0,"name":"Shaded","section":"Shading Mode"},"sceneLighting":false,"audioPlay":false,"sceneViewState":{"m_AlwaysRefresh":false,"showFog":true,"showSkybox":false,"showFlares":true,"showImageEffects":true,"showParticleSystems":true,"showVisualEffectGraphs":true,"m_FxEnabled":true},"in2DMode":false,"pivot":{"x":1.0330561399459839,"y":12.790489196777344,"z":0.1377573013305664},"rotation":{"x":-0.00016653252532705665,"y":-0.9992326498031616,"z":0.04320167750120163,"w":-0.0043183439411222939},"size":14.527478218078614,"orthographic":false}