{
    "name": "root",
    "metadata": {
        "timer_format_version": "0.1.0",
        "start_time_seconds": "1622215178",
        "python_version": "3.8.6 (tags/v3.8.6:db45529, Sep 23 2020, 15:52:53) [MSC v.1927 64 bit (AMD64)]",
        "command_line_arguments": "D:\\ProgettoTesi\\Tesi\\venv\\Scripts\\mlagents-learn --run-id=Test10",
        "mlagents_version": "0.25.0",
        "mlagents_envs_version": "0.25.0",
        "communication_protocol_version": "1.5.0",
        "pytorch_version": "1.7.1+cu110",
        "numpy_version": "1.20.2",
        "end_time_seconds": "1622215210"
    },
    "total": 31.4578862,
    "count": 1,
    "self": 0.0057382999999973094,
    "children": {
        "run_training.setup": {
            "total": 0.029969300000000088,
            "count": 1,
            "self": 0.029969300000000088
        },
        "TrainerController.start_learning": {
            "total": 31.422178600000002,
            "count": 1,
            "self": 0.014499799999985186,
            "children": {
                "TrainerController._reset_env": {
                    "total": 7.7115825,
                    "count": 1,
                    "self": 7.7115825
                },
                "TrainerController.advance": {
                    "total": 23.606660700000017,
                    "count": 398,
                    "self": 0.004165600000042957,
                    "children": {
                        "env_step": {
                            "total": 23.602495099999974,
                            "count": 398,
                            "self": 22.521791899999933,
                            "children": {
                                "SubprocessEnvManager._take_step": {
                                    "total": 1.0768745000000184,
                                    "count": 398,
                                    "self": 0.017268099999990127,
                                    "children": {
                                        "TorchPolicy.evaluate": {
                                            "total": 1.0596064000000283,
                                            "count": 398,
                                            "self": 0.31103190000001746,
                                            "children": {
                                                "TorchPolicy.sample_actions": {
                                                    "total": 0.7485745000000108,
                                                    "count": 398,
                                                    "self": 0.7485745000000108
                                                }
                                            }
                                        }
                                    }
                                },
                                "workers": {
                                    "total": 0.0038287000000227778,
                                    "count": 397,
                                    "self": 0.0,
                                    "children": {
                                        "worker_root": {
                                            "total": 24.89926899999999,
                                            "count": 397,
                                            "is_parallel": true,
                                            "self": 2.75024039999996,
                                            "children": {
                                                "steps_from_proto": {
                                                    "total": 0.00035439999999997696,
                                                    "count": 1,
                                                    "is_parallel": true,
                                                    "self": 0.00020489999999995234,
                                                    "children": {
                                                        "_process_rank_one_or_two_observation": {
                                                            "total": 0.0001495000000000246,
                                                            "count": 2,
                                                            "is_parallel": true,
                                                            "self": 0.0001495000000000246
                                                        }
                                                    }
                                                },
                                                "UnityEnvironment.step": {
                                                    "total": 22.14867420000003,
                                                    "count": 397,
                                                    "is_parallel": true,
                                                    "self": 0.02126760000003003,
                                                    "children": {
                                                        "UnityEnvironment._generate_step_input": {
                                                            "total": 0.047439700000014184,
                                                            "count": 397,
                                                            "is_parallel": true,
                                                            "self": 0.047439700000014184
                                                        },
                                                        "communicator.exchange": {
                                                            "total": 21.97782349999998,
                                                            "count": 397,
                                                            "is_parallel": true,
                                                            "self": 21.97782349999998
                                                        },
                                                        "steps_from_proto": {
                                                            "total": 0.102143400000001,
                                                            "count": 397,
                                                            "is_parallel": true,
                                                            "self": 0.06661670000006303,
                                                            "children": {
                                                                "_process_rank_one_or_two_observation": {
                                                                    "total": 0.03552669999993796,
                                                                    "count": 794,
                                                                    "is_parallel": true,
                                                                    "self": 0.03552669999993796
                                                                }
                                                            }
                                                        }
                                                    }
                                                }
                                            }
                                        }
                                    }
                                }
                            }
                        }
                    }
                },
                "trainer_threads": {
                    "total": 1.4999999997655777e-05,
                    "count": 1,
                    "self": 1.4999999997655777e-05,
                    "children": {
                        "thread_root": {
                            "total": 0.0,
                            "count": 0,
                            "is_parallel": true,
                            "self": 0.0,
                            "children": {
                                "trainer_advance": {
                                    "total": 23.59255260000004,