{
    "name": "root",
    "metadata": {
        "timer_format_version": "0.1.0",
        "start_time_seconds": "1621607137",
        "python_version": "3.8.6 (tags/v3.8.6:db45529, Sep 23 2020, 15:52:53) [MSC v.1927 64 bit (AMD64)]",
        "command_line_arguments": "D:\\ProgettoTesi\\Tesi\\venv\\Scripts\\mlagents-learn --run-id=Test1",
        "mlagents_version": "0.25.0",
        "mlagents_envs_version": "0.25.0",
        "communication_protocol_version": "1.5.0",
        "pytorch_version": "1.7.1+cu110",
        "numpy_version": "1.20.2",
        "end_time_seconds": "1621607712"
    },
    "total": 574.6732855,
    "count": 1,
    "self": 0.004198100000053273,
    "children": {
        "run_training.setup": {
            "total": 0.042589499999999836,
            "count": 1,
            "self": 0.042589499999999836
        },
        "TrainerController.start_learning": {
            "total": 574.6264979,
            "count": 1,
            "self": 0.12569230000019616,
            "children": {
                "TrainerController._reset_env": {
                    "total": 7.898221900000001,
                    "count": 1,
                    "self": 7.898221900000001
                },
                "TrainerController.advance": {
                    "total": 566.1831007999999,
                    "count": 5642,
                    "self": 0.055398700000182544,
                    "children": {
                        "env_step": {
                            "total": 566.1277020999997,
                            "count": 5642,
                            "self": 550.6279509999991,
                            "children": {
                                "SubprocessEnvManager._take_step": {
                                    "total": 15.441029800002442,
                                    "count": 5642,
                                    "self": 0.26175170000200154,
                                    "children": {
                                        "TorchPolicy.evaluate": {
                                            "total": 15.17927810000044,
                                            "count": 5642,
                                            "self": 4.485480300003312,
                                            "children": {
                                                "TorchPolicy.sample_actions": {
                                                    "total": 10.693797799997128,
                                                    "count": 5642,
                                                    "self": 10.693797799997128
                                                }
                                            }
                                        }
                                    }
                                },
                                "workers": {
                                    "total": 0.05872129999812081,
                                    "count": 5641,
                                    "self": 0.0,
                                    "children": {
                                        "worker_root": {
                                            "total": 567.4195122999989,
                                            "count": 5641,
                                            "is_parallel": true,
                                            "self": 21.57152610000003,
                                            "children": {
                                                "steps_from_proto": {
                                                    "total": 0.0003891000000004752,
                                                    "count": 1,
                                                    "is_parallel": true,
                                                    "self": 0.00021440000000083614,
                                                    "children": {
                                                        "_process_rank_one_or_two_observation": {
                                                            "total": 0.00017469999999963903,
                                                            "count": 2,
                                                            "is_parallel": true,
                                                            "self": 0.00017469999999963903
                                                        }
                                                    }
                                                },
                                                "UnityEnvironment.step": {
                                                    "total": 545.8475970999989,
                                                    "count": 5641,
                                                    "is_parallel": true,
                                                    "self": 0.32021810000651385,
                                                    "children": {
                                                        "UnityEnvironment._generate_step_input": {
                                                            "total": 0.7075010999982609,
                                                            "count": 5641,
                                                            "is_parallel": true,
                                                            "self": 0.7075010999982609
                                                        },
                                                        "communicator.exchange": {
                                                            "total": 543.3550272999972,
                                                            "count": 5641,
                                                            "is_parallel": true,
                                                            "self": 543.3550272999972
                                                        },
                                                        "steps_from_proto": {
                                                            "total": 1.4648505999969466,
                                                            "count": 5641,
                                                            "is_parallel": true,
                                                            "self": 0.9576600999965486,
                                                            "children": {
                                                                "_process_rank_one_or_two_observation": {
                                                                    "total": 0.507190500000398,
                                                                    "count": 11282,
                                                                    "is_parallel": true,
                                                                    "self": 0.507190500000398
                                                                }
                                                            }
                                                        }
                                                    }
                                                }
                                            }
                                        }
                                    }
                                }
                            }
                        }
                    }
                },
                "trainer_threads": {
                    "total": 1.7299999967690383e-05,
                    "count": 1,
                    "self": 1.7299999967690383e-05,
                    "children": {
                        "thread_root": {
                            "total": 0.0,
                            "count": 0,
                            "is_parallel": true,
                            "self": 0.0,
                            "children": {
                                "trainer_advance": {
                                    "total": 565.6229773000091,