{
    "name": "root",
    "gauges": {
        "BossCombact.Policy.Entropy.mean": {
            "value": -2.3841856489070778e-07,
            "min": -2.3841856489070778e-07,
            "max": -2.3841856489070778e-07,
            "count": 1
        },
        "BossCombact.Policy.Entropy.sum": {
            "value": -0.01192092802375555,
            "min": -0.01192092802375555,
            "max": -0.01192092802375555,
            "count": 1
        },
        "BossCombact.Environment.EpisodeLength.mean": {
            "value": 24.303643724696357,
            "min": 24.303643724696357,
            "max": 24.303643724696357,
            "count": 1
        },
        "BossCombact.Environment.EpisodeLength.sum": {
            "value": 48024.0,
            "min": 48024.0,
            "max": 48024.0,
            "count": 1
        },
        "BossCombact.Policy.ExtrinsicValueEstimate.mean": {
            "value": 1111113.625,
            "min": 1111113.625,
            "max": 1111113.625,
            "count": 1
        },
        "BossCombact.Policy.ExtrinsicValueEstimate.sum": {
            "value": 2194449408.0,
            "min": 2194449408.0,
            "max": 2194449408.0,
            "count": 1
        },
        "BossCombact.Environment.CumulativeReward.mean": {
            "value": -9.103772185120402,
            "min": -9.103772185120402,
            "max": -9.103772185120402,
            "count": 1
        },
        "BossCombact.Environment.CumulativeReward.sum": {
            "value": -17979.950065612793,
            "min": -17979.950065612793,
            "max": -17979.950065612793,
            "count": 1
        },
        "BossCombact.Policy.ExtrinsicReward.mean": {
            "value": -9.103772185120402,
            "min": -9.103772185120402,
            "max": -9.103772185120402,
            "count": 1
        },
        "BossCombact.Policy.ExtrinsicReward.sum": {
            "value": -17979.950065612793,
            "min": -17979.950065612793,
            "max": -17979.950065612793,
            "count": 1
        },
        "BossCombact.Losses.PolicyLoss.mean": {
            "value": 0.02503738606659075,
            "min": 0.02503738606659075,
            "max": 0.02503738606659075,
            "count": 1
        },
        "BossCombact.Losses.PolicyLoss.sum": {
            "value": 0.100149544266363,
            "min": 0.100149544266363,
            "max": 0.100149544266363,
            "count": 1
        },
        "BossCombact.Losses.ValueLoss.mean": {
            "value": 280251148410.60004,
            "min": 280251148410.60004,
            "max": 280251148410.60004,
            "count": 1
        },
        "BossCombact.Losses.ValueLoss.sum": {
            "value": 1121004593642.4001,
            "min": 1121004593642.4001,
            "max": 1121004593642.4001,
            "count": 1
        },
        "BossCombact.Policy.LearningRate.mean": {
            "value": 0.0002846241051253,
            "min": 0.0002846241051253,
            "max": 0.0002846241051253,
            "count": 1
        },
        "BossCombact.Policy.LearningRate.sum": {
            "value": 0.0011384964205012,
            "min": 0.0011384964205012,
            "max": 0.0011384964205012,
            "count": 1
        },
        "BossCombact.Policy.Epsilon.mean": {
            "value": 0.19487470000000004,
            "min": 0.19487470000000004,
            "max": 0.19487470000000004,
            "count": 1
        },
        "BossCombact.Policy.Epsilon.sum": {
            "value": 0.7794988000000002,
            "min": 0.7794988000000002,
            "max": 0.7794988000000002,
            "count": 1
        },
        "BossCombact.Policy.Beta.mean": {
            "value": 0.00474424753,
            "min": 0.00474424753,
            "max": 0.00474424753,
            "count": 1
        },
        "BossCombact.Policy.Beta.sum": {
            "value": 0.01897699012,
            "min": 0.01897699012,
            "max": 0.01897699012,
            "count": 1
        },
        "BossCombact.IsTraining.mean": {
            "value": 1.0,
            "min": 1.0,
            "max": 1.0,
            "count": 1
        },
        "BossCombact.IsTraining.sum": {
            "value": 1.0,
            "min": 1.0,
            "max": 1.0,
            "count": 1
        }
    },
    "metadata": {
        "timer_format_version": "0.1.0",
        "start_time_seconds": "1622042085",
        "python_version": "3.8.6 (tags/v3.8.6:db45529, Sep 23 2020, 15:52:53) [MSC v.1927 64 bit (AMD64)]",
        "command_line_arguments": "D:\\ProgettoTesi\\Tesi\\venv\\Scripts\\mlagents-learn --run-id=Test1",
        "mlagents_version": "0.25.0",
        "mlagents_envs_version": "0.25.0",
        "communication_protocol_version": "1.5.0",
        "pytorch_version": "1.7.1+cu110",
        "numpy_version": "1.20.2",
        "end_time_seconds": "1622046106"
    },
    "total": 4021.216488,
    "count": 1,
    "self": 0.008117899999888323,
    "children": {
        "run_training.setup": {
            "total": 0.030792200000000047,
            "count": 1,
            "self": 0.030792200000000047
        },
        "TrainerController.start_learning": {
            "total": 4021.1775779,
            "count": 1,
            "self": 1.0872333999868715,
            "children": {
                "TrainerController._reset_env": {
                    "total": 8.5417386,
                    "count": 1,
                    "self": 8.5417386
                },
                "TrainerController.advance": {
                    "total": 4011.426898800013,
                    "count": 51621,
                    "self": 0.5048476000288247,
                    "children": {
                        "env_step": {
                            "total": 4010.9220511999843,
                            "count": 51621,
                            "self": 3863.428703999953,
                            "children": {
                                "SubprocessEnvManager._take_step": {
                                    "total": 146.9290770000355,
                                    "count": 51621,
                                    "self": 2.3820770000483265,
                                    "children": {
                                        "TorchPolicy.evaluate": {
                                            "total": 144.54699999998718,
                                            "count": 51621,
                                            "self": 41.86209080000464,
                                            "children": {
                                                "TorchPolicy.sample_actions": {
                                                    "total": 102.68490919998254,
                                                    "count": 51621,
                                                    "self": 102.68490919998254
                                                }
                                            }
                                        }
                                    }
                                },
                                "workers": {
                                    "total": 0.5642701999958337,
                                    "count": 51620,
                                    "self": 0.0,
                                    "children": {
                                        "worker_root": {
                                            "total": 4012.62054949997,
                                            "count": 51620,
                                            "is_parallel": true,
                                            "self": 193.46664089998876,
                                            "children": {
                                                "steps_from_proto": {
                                                    "total": 0.00033450000000012636,
                                                    "count": 1,