{
    "name": "root",
    "metadata": {
        "timer_format_version": "0.1.0",
        "start_time_seconds": "1621610312",
        "python_version": "3.8.6 (tags/v3.8.6:db45529, Sep 23 2020, 15:52:53) [MSC v.1927 64 bit (AMD64)]",
        "command_line_arguments": "D:\\ProgettoTesi\\Tesi\\venv\\Scripts\\mlagents-learn --run-id=Test4",
        "mlagents_version": "0.25.0",
        "mlagents_envs_version": "0.25.0",
        "communication_protocol_version": "1.5.0",
        "pytorch_version": "1.7.1+cu110",
        "numpy_version": "1.20.2",
        "end_time_seconds": "1621610671"
    },
    "total": 359.0369275,
    "count": 1,
    "self": 0.004192299999999705,
    "children": {
        "run_training.setup": {
            "total": 0.0318385000000001,
            "count": 1,
            "self": 0.0318385000000001
        },
        "TrainerController.start_learning": {
            "total": 359.0008967,
            "count": 1,
            "self": 0.09659120000088706,
            "children": {
                "TrainerController._reset_env": {
                    "total": 7.1787611,
                    "count": 1,
                    "self": 7.1787611
                },
                "TrainerController.advance": {
                    "total": 351.63503899999915,
                    "count": 4263,
                    "self": 0.04427699999945389,
                    "children": {
                        "env_step": {
                            "total": 351.5907619999997,
                            "count": 4263,
                            "self": 339.9937049999978,
                            "children": {
                                "SubprocessEnvManager._take_step": {
                                    "total": 11.554343500001602,
                                    "count": 4263,
                                    "self": 0.19021530000043185,
                                    "children": {
                                        "TorchPolicy.evaluate": {
                                            "total": 11.36412820000117,
                                            "count": 4263,
                                            "self": 3.2954784000006114,
                                            "children": {
                                                "TorchPolicy.sample_actions": {
                                                    "total": 8.068649800000559,
                                                    "count": 4263,
                                                    "self": 8.068649800000559
                                                }
                                            }
                                        }
                                    }
                                },
                                "workers": {
                                    "total": 0.042713500000303384,
                                    "count": 4262,
                                    "self": 0.0,
                                    "children": {
                                        "worker_root": {
                                            "total": 352.90702189999973,
                                            "count": 4262,
                                            "is_parallel": true,
                                            "self": 16.460778499999606,
                                            "children": {
                                                "steps_from_proto": {
                                                    "total": 0.00033789999999989107,
                                                    "count": 1,
                                                    "is_parallel": true,
                                                    "self": 0.00019110000000033267,
                                                    "children": {
                                                        "_process_rank_one_or_two_observation": {
                                                            "total": 0.0001467999999995584,
                                                            "count": 2,
                                                            "is_parallel": true,
                                                            "self": 0.0001467999999995584
                                                        }
                                                    }
                                                },
                                                "UnityEnvironment.step": {
                                                    "total": 336.44590550000015,
                                                    "count": 4262,
                                                    "is_parallel": true,
                                                    "self": 0.23982739999837577,
                                                    "children": {
                                                        "UnityEnvironment._generate_step_input": {
                                                            "total": 0.5201511000011223,
                                                            "count": 4262,
                                                            "is_parallel": true,
                                                            "self": 0.5201511000011223
                                                        },
                                                        "communicator.exchange": {
                                                            "total": 334.58314709999985,
                                                            "count": 4262,
                                                            "is_parallel": true,
                                                            "self": 334.58314709999985
                                                        },
                                                        "steps_from_proto": {
                                                            "total": 1.102779900000808,
                                                            "count": 4262,
                                                            "is_parallel": true,
                                                            "self": 0.7188114000030676,
                                                            "children": {
                                                                "_process_rank_one_or_two_observation": {
                                                                    "total": 0.3839684999977404,
                                                                    "count": 8524,
                                                                    "is_parallel": true,
                                                                    "self": 0.3839684999977404
                                                                }
                                                            }
                                                        }
                                                    }
                                                }
                                            }
                                        }
                                    }
                                }
                            }
                        }
                    }
                },
                "trainer_threads": {
                    "total": 1.4199999952779763e-05,
                    "count": 1,
                    "self": 1.4199999952779763e-05,
                    "children": {
                        "thread_root": {
                            "total": 0.0,
                            "count": 0,
                            "is_parallel": true,
                            "self": 0.0,
                            "children": {
                                "trainer_advance": {
                                    "total": 351.35647200000017,