{
    "name": "root",
    "metadata": {
        "timer_format_version": "0.1.0",
        "start_time_seconds": "1622212044",
        "python_version": "3.8.6 (tags/v3.8.6:db45529, Sep 23 2020, 15:52:53) [MSC v.1927 64 bit (AMD64)]",
        "command_line_arguments": "D:\\ProgettoTesi\\Tesi\\venv\\Scripts\\mlagents-learn --run-id=Test4",
        "mlagents_version": "0.25.0",
        "mlagents_envs_version": "0.25.0",
        "communication_protocol_version": "1.5.0",
        "pytorch_version": "1.7.1+cu110",
        "numpy_version": "1.20.2",
        "end_time_seconds": "1622212065"
    },
    "total": 21.413064600000002,
    "count": 1,
    "self": 0.005195300000004011,
    "children": {
        "run_training.setup": {
            "total": 0.028915100000000082,
            "count": 1,
            "self": 0.028915100000000082
        },
        "TrainerController.start_learning": {
            "total": 21.3789542,
            "count": 1,
            "self": 0.012672499999990094,
            "children": {
                "TrainerController._reset_env": {
                    "total": 6.605158,
                    "count": 1,
                    "self": 6.605158
                },
                "TrainerController.advance": {
                    "total": 14.677214500000009,
                    "count": 170,
                    "self": 0.0017885000000052997,
                    "children": {
                        "env_step": {
                            "total": 14.675426000000003,
                            "count": 170,
                            "self": 14.028448299999985,
                            "children": {
                                "SubprocessEnvManager._take_step": {
                                    "total": 0.6453421000000059,
                                    "count": 170,
                                    "self": 0.007292300000003138,
                                    "children": {
                                        "TorchPolicy.evaluate": {
                                            "total": 0.6380498000000028,
                                            "count": 170,
                                            "self": 0.1362295999999965,
                                            "children": {
                                                "TorchPolicy.sample_actions": {
                                                    "total": 0.5018202000000063,
                                                    "count": 170,
                                                    "self": 0.5018202000000063
                                                }
                                            }
                                        }
                                    }
                                },
                                "workers": {
                                    "total": 0.0016356000000126159,
                                    "count": 169,
                                    "self": 0.0,
                                    "children": {
                                        "worker_root": {
                                            "total": 16.060430900000018,
                                            "count": 169,
                                            "is_parallel": true,
                                            "self": 2.178623500000004,
                                            "children": {
                                                "steps_from_proto": {
                                                    "total": 0.0004445000000004029,
                                                    "count": 1,
                                                    "is_parallel": true,
                                                    "self": 0.00022310000000036467,
                                                    "children": {
                                                        "_process_rank_one_or_two_observation": {
                                                            "total": 0.00022140000000003823,
                                                            "count": 2,
                                                            "is_parallel": true,
                                                            "self": 0.00022140000000003823
                                                        }
                                                    }
                                                },
                                                "UnityEnvironment.step": {
                                                    "total": 13.881362900000013,
                                                    "count": 169,
                                                    "is_parallel": true,
                                                    "self": 0.009870400000016488,
                                                    "children": {
                                                        "UnityEnvironment._generate_step_input": {
                                                            "total": 0.019998199999994526,
                                                            "count": 169,
                                                            "is_parallel": true,
                                                            "self": 0.019998199999994526
                                                        },
                                                        "communicator.exchange": {
                                                            "total": 13.808864900000003,
                                                            "count": 169,
                                                            "is_parallel": true,
                                                            "self": 13.808864900000003
                                                        },
                                                        "steps_from_proto": {
                                                            "total": 0.04262939999999915,
                                                            "count": 169,
                                                            "is_parallel": true,
                                                            "self": 0.02766930000001544,
                                                            "children": {
                                                                "_process_rank_one_or_two_observation": {
                                                                    "total": 0.014960099999983711,
                                                                    "count": 338,
                                                                    "is_parallel": true,
                                                                    "self": 0.014960099999983711
                                                                }
                                                            }
                                                        }
                                                    }
                                                }
                                            }
                                        }
                                    }
                                }
                            }
                        }
                    }
                },
                "trainer_threads": {
                    "total": 2.309999999994261e-05,
                    "count": 1,
                    "self": 2.309999999994261e-05,
                    "children": {
                        "thread_root": {
                            "total": 0.0,
                            "count": 0,
                            "is_parallel": true,
                            "self": 0.0,
                            "children": {
                                "trainer_advance": {
                                    "total": 14.670856300000018,