{
    "name": "root",
    "metadata": {
        "timer_format_version": "0.1.0",
        "start_time_seconds": "1624891040",
        "python_version": "3.8.6 (tags/v3.8.6:db45529, Sep 23 2020, 15:52:53) [MSC v.1927 64 bit (AMD64)]",
        "command_line_arguments": "D:\\ProgettoTesi\\Tesi\\venv\\Scripts\\mlagents-learn --run-id=TestMov13",
        "mlagents_version": "0.25.0",
        "mlagents_envs_version": "0.25.0",
        "communication_protocol_version": "1.5.0",
        "pytorch_version": "1.7.1+cu110",
        "numpy_version": "1.20.2",
        "end_time_seconds": "1624891096"
    },
    "total": 56.4056945,
    "count": 1,
    "self": 0.005252000000005808,
    "children": {
        "run_training.setup": {
            "total": 0.047121200000000085,
            "count": 1,
            "self": 0.047121200000000085
        },
        "TrainerController.start_learning": {
            "total": 56.3533213,
            "count": 1,
            "self": 0.015338799999987884,
            "children": {
                "TrainerController._reset_env": {
                    "total": 8.2037768,
                    "count": 1,
                    "self": 8.2037768
                },
                "TrainerController.advance": {
                    "total": 48.04355180000001,
                    "count": 109,
                    "self": 0.0010275000000277146,
                    "children": {
                        "env_step": {
                            "total": 48.04252429999998,
                            "count": 109,
                            "self": 47.59530510000005,
                            "children": {
                                "SubprocessEnvManager._take_step": {
                                    "total": 0.44616239999996843,
                                    "count": 109,
                                    "self": 0.005113099999952908,
                                    "children": {
                                        "TorchPolicy.evaluate": {
                                            "total": 0.4410493000000155,
                                            "count": 97,
                                            "self": 0.06193890000003499,
                                            "children": {
                                                "TorchPolicy.sample_actions": {
                                                    "total": 0.37911039999998053,
                                                    "count": 97,
                                                    "self": 0.37911039999998053
                                                }
                                            }
                                        }
                                    }
                                },
                                "workers": {
                                    "total": 0.0010567999999668842,
                                    "count": 108,
                                    "self": 0.0,
                                    "children": {
                                        "worker_root": {
                                            "total": 47.7592575,
                                            "count": 108,
                                            "is_parallel": true,
                                            "self": 1.9074687000000026,
                                            "children": {
                                                "steps_from_proto": {
                                                    "total": 0.00026420000000015875,
                                                    "count": 1,
                                                    "is_parallel": true,
                                                    "self": 0.00011599999999933885,
                                                    "children": {
                                                        "_process_rank_one_or_two_observation": {
                                                            "total": 0.0001482000000008199,
                                                            "count": 2,
                                                            "is_parallel": true,
                                                            "self": 0.0001482000000008199
                                                        }
                                                    }
                                                },
                                                "UnityEnvironment.step": {
                                                    "total": 45.8515246,
                                                    "count": 108,
                                                    "is_parallel": true,
                                                    "self": 0.006321900000045844,
                                                    "children": {
                                                        "UnityEnvironment._generate_step_input": {
                                                            "total": 0.012329799999982072,
                                                            "count": 108,
                                                            "is_parallel": true,
                                                            "self": 0.012329799999982072
                                                        },
                                                        "communicator.exchange": {
                                                            "total": 45.811949899999995,
                                                            "count": 108,
                                                            "is_parallel": true,
                                                            "self": 45.811949899999995
                                                        },
                                                        "steps_from_proto": {
                                                            "total": 0.020922999999974934,
                                                            "count": 108,
                                                            "is_parallel": true,
                                                            "self": 0.011392199999926689,
                                                            "children": {
                                                                "_process_rank_one_or_two_observation": {
                                                                    "total": 0.009530800000048245,
                                                                    "count": 216,
                                                                    "is_parallel": true,
                                                                    "self": 0.009530800000048245
                                                                }
                                                            }
                                                        }
                                                    }
                                                }
                                            }
                                        }
                                    }
                                }
                            }
                        }
                    }
                },
                "trainer_threads": {
                    "total": 1.4700000001255376e-05,
                    "count": 1,
                    "self": 1.4700000001255376e-05,
                    "children": {
                        "thread_root": {
                            "total": 0.0,
                            "count": 0,
                            "is_parallel": true,
                            "self": 0.0,
                            "children": {
                                "trainer_advance": {
                                    "total": 48.007413300000195,